NAME,MSINI,MSINIUPPER,MSINILOWER,UMSINI,R,RUPPER,RLOWER,UR,MSTAR,MSTARUPPER,MSTARLOWER,UMSTAR,RSTAR,RSTARUPPER,RSTARLOWER,URSTAR,TEFF,TEFFUPPER,TEFFLOWER,UTEFF,A,AUPPER,ALOWER,UA,PER,ECC,I,FIRSTREF,FIRSTURL,ORBREF,ORBURL,DATE
#,mearth,mearth,mearth,mearth,rearth,rearth,rearth,rearth,msun,msun,msun,msun,rsun,rsun,rsun,rsun,k,k,k,k,au,au,au,au,day,,deg,,,,,
55 Cnc e,8.324379813196746,0.39241452646379427,0.39241452646379427,0.39241452646379427,2.079994509336636,0.1599992327495649,0.1599992327495649,0.1599992327495649,0.905,0.015,0.015,0.015,0.943,0.01,0.01,0.01,5196,24,24,24,0.0154393,0.000257321,0.000257321,0.000257321,0.736546,0,83.4,McArthur 2004,http://adsabs.harvard.edu/abs/2004ApJ...614L..81M,Endl 2012,http://adsabs.harvard.edu/abs/2012ApJ...759...19E,2004
CoRoT-1 b,326.08937782464596,39.27132740785377,39.27132740785377,39.27132740785377,16.701381289098634,0.8967184584750945,0.8967184584750945,0.8967184584750945,0.95,0.15,0.15,0.15,1.11,0.05,0.05,0.05,5950,150,150,150,0.0253191,0.00133258,0.00133258,0.00133258,1.5089557,0,85.1,Barge 2008,http://adsabs.harvard.edu/abs/2008A%26A...482L..17B,Barge 2008,http://adsabs.harvard.edu/abs/2008A%26A...482L..17B,2008
CoRoT-10 b,875.4194998493523,50.86178141006327,50.86178141006327,50.86178141006327,10.87271130901052,0.7846286511657077,0.7846286511657077,0.7846286511657077,0.89,0.05,0.05,0.05,0.79,0.05,0.05,0.05,5075,75,75,75,0.105463,0.00197497,0.00197497,0.00197497,13.2406,0.53,88.55,Bonomo 2010,http://adsabs.harvard.edu/abs/2010A&A...520A..65B,Bonomo 2010,http://adsabs.harvard.edu/abs/2010A&A...520A..65B,2010
CoRoT-11 b,740.976716882595,108.69741272471627,108.69741272471627,108.69741272471627,16.02884244524231,0.3362694219281604,0.3362694219281604,0.3362694219281604,1.27,0.05,0.05,0.05,1.37,0.03,0.03,0.03,6440,120,120,120,0.0440549,0.000734249,0.000734249,0.000734249,2.99433,0,83.17,Gandolfi 2010,http://adsabs.harvard.edu/abs/2010A&A...524A..55G,Gandolfi 2010,http://adsabs.harvard.edu/abs/2010A&A...524A..55G,2010
CoRoT-12 b,291.2220352013659,22.46337344079542,22.46337344079542,22.46337344079542,16.1409322525517,1.4571674950220284,1.4571674950220284,1.4571674950220284,1.078,0.077,0.072,0.0745,1.116,0.096,0.092,0.094,5675,80,80,80,0.0401409,0.000924706,0.000924706,0.000924706,2.828042,0.07,85.48,Gillon 2010,http://adsabs.harvard.edu/abs/2010A%26A...520A..97G,Gillon 2010,http://adsabs.harvard.edu/abs/2010A%26A...520A..97G,2010
CoRoT-13 b,416.4033242944662,24.607237174851864,24.607237174851864,24.607237174851864,9.919947946880733,0.15692573023314152,0.15692573023314152,0.15692573023314152,1.09,0.02,0.02,0.02,1.01,0.03,0.03,0.03,5945,90,90,90,0.051069,0.00085115,0.00085115,0.00085115,4.03519,0,88.02,Cabrera 2010,http://adsabs.harvard.edu/abs/2010A&A...522A.110C,Cabrera 2010,http://adsabs.harvard.edu/abs/2010A&A...522A.110C,2010
CoRoT-14 b,2405.3092131164003,143.98586235814,143.98586235814,143.98586235814,12.217788996723163,0.7846286511657077,0.7846286511657077,0.7846286511657077,1.13,0.09,0.09,0.09,1.21,0.08,0.08,0.08,6035,100,100,100,0.0269122,0.000714486,0.000714486,0.000714486,1.51214,0,79.6,Tingley 2011,http://adsabs.harvard.edu/abs/2011A%26A...528A..97T,Tingley 2011,http://adsabs.harvard.edu/abs/2011A%26A...528A..97T,2011
CoRoT-16 b,170.3315881791704,27.81270373606508,27.81270373606508,27.81270373606508,13.114507455198254,1.5692573023314154,1.7934369169501885,1.6813471096408021,1.098,0.082,0.078,0.08,1.19,0.14,0.13,0.135,5650,100,100,100,0.0617874,0.00150061,0.00150061,0.00150061,5.35227,0.33,85.01,Ollivier 2012,http://adsabs.harvard.edu/abs/2012A%26A...541A.149O,Ollivier 2012,http://adsabs.harvard.edu/abs/2012A%26A...541A.149O,2012
CoRoT-17 b,781.5046911720398,88.16296364366777,88.16296364366777,88.16296364366777,11.433160345557454,0.7846286511657077,0.7846286511657077,0.7846286511657077,1.04,0.1,0.1,0.1,1.5121,0.0494171,0.0494171,0.0494171,5740,80,80,80,0.0480499,0.00154006,0.00154006,0.00154006,3.7681,0,88.34,Csizmadia 2011,http://adsabs.harvard.edu/abs/2011A%26A...531A..41C,Csizmadia 2011,http://adsabs.harvard.edu/abs/2011A%26A...531A..41C,2011
CoRoT-18 b,1106.0081641056543,119.35634623882696,119.35634623882696,119.35634623882696,14.683764757529671,2.0176165315689625,2.0176165315689625,2.0176165315689625,0.95,0.15,0.15,0.15,1,0.13,0.13,0.13,5440,100,100,100,0.0295483,0.00155517,0.00155517,0.00155517,1.9000693,0.04,86.5,Hebrard 2011,http://adsabs.harvard.edu/abs/2011A%26A...533A.130H,Hebrard 2011,http://adsabs.harvard.edu/abs/2011A%26A...533A.130H,2011
CoRoT-19 b,351.89926483880686,20.468311444210105,20.468311444210105,20.468311444210105,14.459585142910898,0.3362694219281604,0.3362694219281604,0.3362694219281604,1.21,0.05,0.05,0.05,1.65,0.04,0.04,0.04,6090,70,70,70,0.0516604,0.000861007,0.000861007,0.000861007,3.89713,0.047,88,Guenther 2012,http://adsabs.harvard.edu/abs/2012A%26A...537A.136G,Guenther 2012,http://adsabs.harvard.edu/abs/2012A%26A...537A.136G,2012
CoRoT-2 b,1040.3504303505072,54.284984131766606,54.284984131766606,54.284984131766606,16.432365751556105,0.4707771906994246,0.49319515216130183,0.48198617143036326,0.97,0.06,0.06,0.06,0.902,0.018,0.018,0.018,5625,120,120,120,0.0280884,0.000579142,0.000579142,0.000579142,1.7429935,0.0143,88.08,Alonso 2008,http://adsabs.harvard.edu/abs/2008A%26A...482L..21A,Gillon 2010,http://adsabs.harvard.edu/abs/2010A%26A...511A...3G,2008
CoRoT-23 b,977.8009430551372,99.39460269157377,99.39460269157377,99.39460269157377,11.769429767485613,1.4571674950220284,1.4571674950220284,1.4571674950220284,1.14,0.08,0.08,0.08,1.61,0.18,0.18,0.18,5900,100,100,100,0.0483417,0.0011308,0.0011308,0.0011308,3.6313,0.16,85.7,Rouan 2012,http://adsabs.harvard.edu/abs/2012A%26A...537A..54R,Rouan 2012,http://adsabs.harvard.edu/abs/2012A%26A...537A..54R,2012
CoRoT-3 b,6928.084312543939,315.1707881389977,315.1707881389977,315.1707881389977,11.321070538248067,0.7846286511657077,0.7846286511657077,0.7846286511657077,1.37,0.09,0.09,0.09,1.56,0.09,0.09,0.09,6740,140,140,140,0.0573788,0.00125647,0.00125647,0.00125647,4.2568,0,85.9,Deleuil 2008,http://adsabs.harvard.edu/abs/2008A%26A...491..889D,Deleuil 2008,http://adsabs.harvard.edu/abs/2008A%26A...491..889D,2008
CoRoT-4 b,228.00767555488602,23.0066491563724,23.0066491563724,23.0066491563724,13.338687069817029,0.6164939402016274,0.6164939402016274,0.6164939402016274,1.16,0.03,0.020000000000000004,0.025,1.17,0.01,0.03,0.02,6190,60,60,60,0.0903166,0.00150528,0.00150528,0.00150528,9.20205,0,90,Moutou 2008 ; Aigrain 2008,http://adsabs.harvard.edu/abs/2008A%26A...488L..47M ; http://adsabs.harvard.edu/abs/2008A%26A...488L..43A,Moutou 2008,http://adsabs.harvard.edu/abs/2008A%26A...488L..47M,2008
CoRoT-5 b,146.61261665160188,12.557855985738675,12.557855985738675,12.557855985738675,15.558065254542889,0.5156131136231793,0.526822094354118,0.5212176039886486,1,0.02,0.02,0.02,1.186,0.04,0.04,0.04,6100,65,65,65,0.0496334,0.000827224,0.000827224,0.000827224,4.0378962,0.09,85.83,Rauer 2009,http://adsabs.harvard.edu/abs/2009A%26A...506..281R,Rauer 2009,http://adsabs.harvard.edu/abs/2009A%26A...506..281R,2009
CoRoT-6 b,938.5919077031234,105.31775087877874,105.31775087877874,105.31775087877874,13.0696715322745,0.39231432558285384,0.39231432558285384,0.39231432558285384,1.05,0.05,0.05,0.05,1.025,0.026,0.026,0.026,6090,50,50,50,0.0854177,0.00142363,0.00142363,0.00142363,8.886593,0,89.07,Fridlund 2010,http://adsabs.harvard.edu/abs/2010A%26A...512A..14F,Fridlund 2010,http://adsabs.harvard.edu/abs/2010A%26A...512A..14F,2010
CoRoT-7 b,4.946688430250075,0.8638859350205884,0.8638859350205884,0.8638859350205884,1.6791053134946141,0.09000811526943761,0.09000811526943761,0.09000811526943761,0.93,0.03,0.03,0.03,0.87,0.04,0.04,0.04,5275,75,75,75,0.0171897,0.000286495,0.000286495,0.000286495,0.853585,0,80.1,Queloz 2009 ; Leger 2009,http://adsabs.harvard.edu/abs/2009A%26A...506..303Q ; http://adsabs.harvard.edu/abs/2009A%26A...506..287L,Queloz 2009,http://adsabs.harvard.edu/abs/2009A%26A...506..303Q,2009
CoRoT-8 b,68.64648116902681,10.806050823541227,10.806050823541227,10.806050823541227,6.389119016635047,0.22417961461877361,0.22417961461877361,0.22417961461877361,0.88,0.04,0.04,0.04,0.77,0.02,0.02,0.02,5080,80,80,80,0.0633825,0.00105637,0.00105637,0.00105637,6.21229,0,88.4,Borde 2010,http://adsabs.harvard.edu/abs/2010A%26A...520A..66B,Borde 2010,http://adsabs.harvard.edu/abs/2010A%26A...520A..66B,2010
CoRoT-9 b,268.09865200361554,23.005981741488398,23.005981741488398,23.005981741488398,11.769429767485613,0.44835922923754723,0.44835922923754723,0.44835922923754723,0.99,0.04,0.04,0.04,0.94,0.04,0.04,0.04,5625,80,80,80,0.406991,0.00678319,0.00678319,0.00678319,95.2738,0.11,89.99,Deeg 2010,http://adsabs.harvard.edu/abs/2010Natur.464..384D,Deeg 2010,http://adsabs.harvard.edu/abs/2010Natur.464..384D,2010
GJ 1214 b,6.467790514211107,0.9958910645776842,0.9958910645776842,0.9958910645776842,2.6778254966212507,0.1299120866715793,0.1299120866715793,0.1299120866715793,0.157,0.019,0.019,0.019,0.211,0.0097,0.0097,0.0097,3026,130,130,130,0.0143253,0.000577878,0.000577878,0.000577878,1.58040482,0,90,Charbonneau 2009,http://adsabs.harvard.edu/abs/2009Natur.462..891C,Carter 2011,http://adsabs.harvard.edu/abs/2011ApJ...730...82C,2009
GJ 3470 b,13.980021758561815,1.6390470066285023,1.6390470066285023,1.6390470066285023,4.196250071337859,0.5994641357771123,0.5994641357771123,0.5994641357771123,0.541,0.067,0.067,0.067,0.503,0.063,0.063,0.063,3600,200,200,200,0.0356123,0.00147013,0.00147013,0.00147013,3.33714,0,90,Bonfils 2012,http://adsabs.harvard.edu/abs/2012A%26A...546A..27B,Bonfils 2012,http://adsabs.harvard.edu/abs/2012A%26A...546A..27B,2012
GJ 436 b,23.057976539118204,1.0116007396806266,1.0116007396806266,1.0116007396806266,4.222423041344601,0.09191364199369718,0.10312262272463583,0.09751813235916651,0.452,0.014,0.011999999999999999,0.013,0.464,0.009,0.011000000000000001,0.01,3350,300,300,300,0.0287188,0.000478647,0.000478647,0.000478647,2.64385,0.16,86.36,Butler 2004,http://adsabs.harvard.edu/abs/2004ApJ...617..580B,Maness 2007,http://adsabs.harvard.edu/abs/2007PASP..119...90M,2004
HAT-P-1 b,168.80606844431054,9.64649691674199,9.64649691674199,9.64649691674199,13.921554067825841,0.59407597873975,0.59407597873975,0.59407597873975,1.133,0.075,0.079,0.077,1.135,0.048,0.048,0.048,5975,120,120,120,0.0553326,0.00125349,0.00125349,0.00125349,4.4652934,0,86.11,Bakos 2007,http://adsabs.harvard.edu/abs/2007ApJ...656..552B,Bakos 2007,http://adsabs.harvard.edu/abs/2007ApJ...656..552B,2007
HAT-P-11 b,26.222126940845637,2.8607976242844226,2.8607976242844226,2.8607976242844226,4.730189868456123,0.15692573023314152,0.15692573023314152,0.15692573023314152,0.81,0.02,0.02,0.02,0.75,0.02,0.02,0.02,4780,50,50,50,0.0525443,0.000875738,0.000875738,0.000875738,4.8878162,0.198,88.5,Bakos 2010,http://adsabs.harvard.edu/abs/2010ApJ...710.1724B,Bakos 2010,http://adsabs.harvard.edu/abs/2010ApJ...710.1724B,2010
HAT-P-12 b,66.9868428241438,4.198198528673295,4.198198528673295,4.198198528673295,10.749412520970195,0.3250604411972217,0.2353885953497123,0.280224518273467,0.73,0.018,0.018,0.018,0.701,0.017,0.012,0.0145,4650,60,60,60,0.0383737,0.000639561,0.000639561,0.000639561,3.2130598,0,89,Hartman 2009,http://adsabs.harvard.edu/abs/2009ApJ...706..785H,Hartman 2009,http://adsabs.harvard.edu/abs/2009ApJ...706..785H,2009
HAT-P-13 b,270.58906297077436,11.245082690569447,11.245082690569447,11.245082690569447,14.35870431633245,0.8855094777441558,0.8855094777441558,0.8855094777441558,1.22,0.05,0.09999999999999999,0.075,1.56,0.08,0.08,0.08,5653,90,90,90,0.0426946,0.000874889,0.000874889,0.000874889,2.91625,0.0133,83.4,Bakos 2009,http://adsabs.harvard.edu/abs/2009ApJ...707..446B,Winn 2010,http://adsabs.harvard.edu/abs/2010ApJ...718..575W,2009
HAT-P-14 b,706.080452947675,25.84821569749925,25.84821569749925,25.84821569749925,12.89032784057948,0.5828669980088114,0.5828669980088114,0.5828669980088114,1.386,0.045,0.045,0.045,1.468,0.054,0.054,0.054,6600,90,90,90,0.0606258,0.00101043,0.00101043,0.00101043,4.627669,0.107,83.5,Torres 2010,http://adsabs.harvard.edu/abs/2010ApJ...715..458T,Torres 2010,http://adsabs.harvard.edu/abs/2010ApJ...715..458T,2010
HAT-P-15 b,620.1555538816912,24.024202601185095,24.024202601185095,24.024202601185095,12.016027343566265,0.48198617143036326,0.48198617143036326,0.48198617143036326,1.013,0.043,0.043,0.043,1.08,0.039,0.039,0.039,5568,90,90,90,0.0964692,0.00160782,0.00160782,0.00160782,10.863502,0.19,89.1,Kovacs 2010,http://adsabs.harvard.edu/abs/2010ApJ...724..866K,Kovacs 2010,http://adsabs.harvard.edu/abs/2010ApJ...724..866K,2010
HAT-P-16 b,1333.2724666064075,44.995204579692675,44.995204579692675,44.995204579692675,14.448376162179958,0.7397927282419529,0.7397927282419529,0.7397927282419529,1.218,0.039,0.039,0.039,1.237,0.054,0.054,0.054,6158,80,80,80,0.0413275,0.000688792,0.000688792,0.000688792,2.77596,0.036,86.6,Buchhave 2010,http://adsabs.harvard.edu/abs/2010ApJ...720.1118B,Buchhave 2010,http://adsabs.harvard.edu/abs/2010ApJ...720.1118B,2010
HAT-P-17 b,168.47649261825848,6.204384106658631,6.204384106658631,6.204384106658631,11.321070538248067,0.3250604411972217,0.3250604411972217,0.3250604411972217,0.857,0.039,0.039,0.039,0.837,0.021,0.021,0.021,5246,80,80,80,0.0882385,0.00147064,0.00147064,0.00147064,10.338523,0.346,89.2,Howard 2012,http://adsabs.harvard.edu/abs/2012ApJ...749..134H,Howard 2012,http://adsabs.harvard.edu/abs/2012ApJ...749..134H,2012
HAT-P-18 b,62.66135874259315,4.256072933614543,4.256072933614543,4.256072933614543,11.152935827283986,0.5828669980088114,0.5828669980088114,0.5828669980088114,0.77,0.031,0.031,0.031,0.749,0.037,0.037,0.037,4803,80,80,80,0.0559503,0.000932505,0.000932505,0.000932505,5.508023,0.084,88.8,Hartman 2011,http://adsabs.harvard.edu/abs/2011ApJ...726...52H,Hartman 2011,http://adsabs.harvard.edu/abs/2011ApJ...726...52H,2011
HAT-P-19 b,92.8434488801848,5.585372692578086,5.585372692578086,5.585372692578086,12.688566187422584,0.8070466126275849,0.8070466126275849,0.8070466126275849,0.842,0.042,0.042,0.042,0.82,0.048,0.048,0.048,4990,130,130,130,0.0466409,0.000777348,0.000777348,0.000777348,4.008778,0.067,88.2,Hartman 2011,http://adsabs.harvard.edu/abs/2011ApJ...726...52H,Hartman 2011,http://adsabs.harvard.edu/abs/2011ApJ...726...52H,2011
HAT-P-2 b,2814.6220488098825,129.00176257909007,129.00176257909007,129.00176257909007,12.968790705696053,0.8182555933585236,0.706165786049137,0.7622106897038303,1.308,0.088,0.07800000000000001,0.083,1.506,0.13,0.096,0.113,6290,60,60,60,0.0679088,0.0014364,0.0014364,0.0014364,5.6334729,0.5171,86.72,Bakos 2007,http://adsabs.harvard.edu/abs/2007ApJ...670..826B,Pal 2010,http://adsabs.harvard.edu/abs/2010MNRAS.401.2665P,2007
HAT-P-20 b,2313.123326805263,78.55695656322186,78.55695656322186,78.55695656322186,9.718186293723836,0.36989636412097643,0.36989636412097643,0.36989636412097643,0.756,0.028,0.028,0.028,0.694,0.021,0.021,0.021,4595,80,80,80,0.03616,0.000602667,0.000602667,0.000602667,2.875317,0.015,86.8,Bakos 2011,http://adsabs.harvard.edu/abs/2011ApJ...742..116B,Bakos 2011,http://adsabs.harvard.edu/abs/2011ApJ...742..116B,2011
HAT-P-21 b,1294.6132539921664,54.874533945967656,54.874533945967656,54.874533945967656,11.477996268481208,1.0312262272463586,1.0312262272463586,1.0312262272463586,0.947,0.042,0.042,0.042,1.105,0.083,0.083,0.083,5588,80,80,80,0.0494951,0.000824919,0.000824919,0.000824919,4.124481,0.228,87.2,Bakos 2011,http://adsabs.harvard.edu/abs/2011ApJ...742..116B,Bakos 2011,http://adsabs.harvard.edu/abs/2011ApJ...742..116B,2011
HAT-P-22 b,682.7400010043184,24.529721703324295,24.529721703324295,24.529721703324295,12.105699189413777,0.6501208823944434,0.6501208823944434,0.6501208823944434,0.916,0.035,0.035,0.035,1.04,0.044,0.044,0.044,5302,80,80,80,0.0414094,0.000690157,0.000690157,0.000690157,3.21222,0.016,86.9,Bakos 2011,http://adsabs.harvard.edu/abs/2011ApJ...742..116B,Bakos 2011,http://adsabs.harvard.edu/abs/2011ApJ...742..116B,2011
HAT-P-23 b,663.728211308627,38.78411454253289,38.78411454253289,38.78411454253289,15.333885639924114,1.0088082657844812,1.0088082657844812,1.0088082657844812,1.13,0.035,0.035,0.035,1.203,0.074,0.074,0.074,5905,80,80,80,0.0231971,0.000386619,0.000386619,0.000386619,1.212884,0.106,85.1,Bakos 2011,http://adsabs.harvard.edu/abs/2011ApJ...742..116B,Bakos 2011,http://adsabs.harvard.edu/abs/2011ApJ...742..116B,2011
HAT-P-24 b,217.91159525961635,11.513828417193933,11.513828417193933,11.513828417193933,13.921554067825841,0.7510017089728915,0.7510017089728915,0.7510017089728915,1.191,0.042,0.042,0.042,1.317,0.068,0.068,0.068,6373,80,80,80,0.0465021,0.000775035,0.000775035,0.000775035,3.35524,0.067,88.6,Kipping 2010,http://adsabs.harvard.edu/abs/2010ApJ...725.2017K,Kipping 2010,http://adsabs.harvard.edu/abs/2010ApJ...725.2017K,2010
HAT-P-25 b,180.10127081450236,8.36064268856081,8.36064268856081,8.36064268856081,13.338687069817029,0.9079274392060331,0.6277029209325662,0.7678151800692997,1.01,0.032,0.032,0.032,0.959,0.054,0.037,0.0455,5500,80,80,80,0.0465813,0.000776354,0.000776354,0.000776354,3.652836,0.032,87.6,Quinn 2012,http://adsabs.harvard.edu/abs/2012ApJ...745...80Q,Quinn 2012,http://adsabs.harvard.edu/abs/2012ApJ...745...80Q,2012
HAT-P-26 b,18.634001089685647,2.282879898061665,2.282879898061665,2.282879898061665,6.333074112980354,0.5828669980088114,0.5828669980088114,0.5828669980088114,0.816,0.033,0.033,0.033,0.788,0.098,0.04299999999999998,0.0705,5079,88,88,88,0.0478684,0.000797807,0.000797807,0.000797807,4.234516,0.124,88.6,Hartman 2011,http://adsabs.harvard.edu/abs/2011ApJ...728..138H,Hartman 2011,http://adsabs.harvard.edu/abs/2011ApJ...728..138H,2011
HAT-P-27 b,195.5001212714673,9.520037687054334,9.520037687054334,9.520037687054334,11.433160345557454,0.7846286511657077,0.6725388438563208,0.7285837475110142,0.92,0.06,0.06,0.06,0.87,0.04,0.04,0.04,5190,160,170,165,0.0399488,0.000868452,0.000868452,0.000868452,3.039577,0,85,Anderson 2011,http://adsabs.harvard.edu/abs/2011PASP..123..555A,Brown 2012,http://adsabs.harvard.edu/abs/2012ApJ...760..139B,2011
HAT-P-28 b,199.41435065782863,11.919584885005522,11.919584885005522,11.919584885005522,13.58528464589768,1.0928756212665214,1.0928756212665214,1.0928756212665214,1.025,0.047,0.047,0.047,1.103,0.091,0.069,0.08,5680,90,90,90,0.0433674,0.00072279,0.00072279,0.00072279,3.257215,0.051,88,Buchhave 2011,http://adsabs.harvard.edu/abs/2011ApJ...733..116B,Buchhave 2011,http://adsabs.harvard.edu/abs/2011ApJ...733..116B,2011
HAT-P-29 b,247.26323059154362,20.403667545445415,20.403667545445415,20.403667545445415,12.408341669149118,1.2217788996723162,1.2217788996723162,1.2217788996723162,1.207,0.046,0.046,0.046,1.224,0.133,0.07499999999999998,0.104,6087,88,88,88,0.0666842,0.0011114,0.0011114,0.0011114,5.723186,0.095,87.1,Buchhave 2011,http://adsabs.harvard.edu/abs/2011ApJ...733..116B,Buchhave 2011,http://adsabs.harvard.edu/abs/2011ApJ...733..116B,2011
HAT-P-3 b,189.10755794918148,7.895041352817112,7.895041352817112,7.895041352817112,10.076873677113873,0.48198617143036326,0.5492400558159953,0.5156131136231793,0.928,0.044,0.054000000000000006,0.049,0.833,0.034,0.044,0.039,5185,80,80,80,0.0388252,0.000683346,0.000683346,0.000683346,2.899703,0,87.24,Torres 2007,http://adsabs.harvard.edu/abs/2007ApJ...666L.121T,Torres 2008,http://adsabs.harvard.edu/abs/2008ApJ...677.1324T,2007
HAT-P-30 b,224.5873331826855,11.262721512503765,11.262721512503765,11.262721512503765,15.02003417945783,0.7285837475110142,0.7285837475110142,0.7285837475110142,1.242,0.041,0.041,0.041,1.215,0.051,0.051,0.051,6304,88,88,88,0.0419042,0.000698404,0.000698404,0.000698404,2.810595,0.035,83.6,Johnson 2011,http://adsabs.harvard.edu/abs/2011ApJ...735...24J,Johnson 2011,http://adsabs.harvard.edu/abs/2011ApJ...735...24J,2011
HAT-P-31 b,688.4765908406146,28.835342246660637,28.835342246660637,28.835342246660637,11.993609382104388,5.380310750850566,3.5868738339003783,4.483592292375472,1.218,0.089,0.063,0.076,1.36,0.27,0.18,0.225,6065,100,100,100,0.0611921,0.00127274,0.00127274,0.00127274,5.005425,0.245,87.1,Kipping 2011,http://adsabs.harvard.edu/abs/2011AJ....142...95K,Kipping 2011,http://adsabs.harvard.edu/abs/2011AJ....142...95K,2011
HAT-P-32 b,302.1040759766998,53.86896218740584,53.86896218740584,53.86896218740584,22.832693748922093,1.1096890923629295,1.1096890923629295,1.1096890923629295,1.176,0.043,0.07,0.0565,1.387,0.067,0.067,0.067,6001,88,88,88,0.0344203,0.000573671,0.000573671,0.000573671,2.150009,0.163,88.7,Hartman 2011,http://adsabs.harvard.edu/abs/2011ApJ...742...59H,Hartman 2011,http://adsabs.harvard.edu/abs/2011ApJ...742...59H,2011
HAT-P-33 b,243.15195490609622,37.06377322486693,37.06377322486693,37.06377322486693,20.47880779542497,3.250604411972217,3.250604411972217,3.250604411972217,1.403,0.096,0.096,0.096,1.777,0.028,0.028,0.028,6401,88,88,88,0.0502683,0.00114653,0.00114653,0.00114653,3.474474,0.148,86.7,Hartman 2011,http://adsabs.harvard.edu/abs/2011ApJ...742...59H,Hartman 2011,http://adsabs.harvard.edu/abs/2011ApJ...742...59H,2011
HAT-P-34 b,1058.2435055739682,76.83820432861305,76.83820432861305,76.83820432861305,13.417149934933601,1.434749533560151,1.0312262272463586,1.2329878804032548,1.392,0.047,0.047,0.047,1.197,0.128,0.092,0.11,6442,88,88,88,0.0677467,0.00112911,0.00112911,0.00112911,5.452654,0.441,87.1,Bakos 2012,http://adsabs.harvard.edu/abs/2012AJ....144...19B,Bakos 2012,http://adsabs.harvard.edu/abs/2012AJ....144...19B,2012
HAT-P-35 b,334.6767826654615,12.715620151652102,12.715620151652102,12.715620151652102,14.930362333610322,1.0984801116319907,1.0984801116319907,1.0984801116319907,1.236,0.048,0.048,0.048,1.435,0.084,0.084,0.084,6096,88,88,88,0.0497734,0.000829557,0.000829557,0.000829557,3.646706,0.025,87.3,Bakos 2012,http://adsabs.harvard.edu/abs/2012AJ....144...19B,Bakos 2012,http://adsabs.harvard.edu/abs/2012AJ....144...19B,2012
HAT-P-36 b,583.1140278196244,31.896075123029025,31.896075123029025,31.896075123029025,14.168151643906493,0.7958376318966462,0.7958376318966462,0.7958376318966462,1.022,0.049,0.049,0.049,1.096,0.056,0.056,0.056,5560,100,100,100,0.0238229,0.000397048,0.000397048,0.000397048,1.327347,0.063,86,Bakos 2012,http://adsabs.harvard.edu/abs/2012AJ....144...19B,Bakos 2012,http://adsabs.harvard.edu/abs/2012AJ....144...19B,2012
HAT-P-37 b,372.44928693381536,33.42223049111178,33.42223049111178,33.42223049111178,13.204179301045766,0.8630915162822784,0.8630915162822784,0.8630915162822784,0.929,0.043,0.043,0.043,0.877,0.059,0.044,0.0515,5500,100,100,100,0.0379273,0.000632121,0.000632121,0.000632121,2.79736,0.058,86.9,Bakos 2012,http://adsabs.harvard.edu/abs/2012AJ....144...19B,Bakos 2012,http://adsabs.harvard.edu/abs/2012AJ....144...19B,2012
HAT-P-38 b,85.00037054333635,6.4272371145927485,6.4272371145927485,6.4272371145927485,9.247409103024411,1.0312262272463586,0.7061657860491368,0.8686960066477477,0.886,0.044,0.044,0.044,0.923,0.096,0.067,0.0815,5330,100,100,100,0.0522992,0.000871654,0.000871654,0.000871654,4.640382,0.067,88.3,Sato 2012,http://adsabs.harvard.edu/abs/2012PASJ...64...97S,Sato 2012,http://adsabs.harvard.edu/abs/2012PASJ...64...97S,2012
HAT-P-39 b,190.17351486391482,31.73707147233102,31.73707147233102,31.73707147233102,17.609308728304665,1.2105699189413774,9.07927439206033,5.144922155500854,1.404,0.051,0.051,0.051,1.625,0.081,0.061999999999999986,0.0715,6430,100,100,100,0.0509456,0.000849093,0.000849093,0.000849093,3.54387,0,87,Hartman 2012,http://adsabs.harvard.edu/abs/2012AJ....144..139H,Hartman 2012,http://adsabs.harvard.edu/abs/2012AJ....144..139H,2012
HAT-P-4 b,213.41607929095105,11.41377974791604,11.41377974791604,11.41377974791604,14.280241451215879,0.5492400558159953,0.6725388438563208,0.6108894498361581,1.248,0.07,0.10999999999999999,0.09,1.596,0.06,0.07500000000000001,0.0675,5860,80,80,80,0.0443853,0.00106695,0.00106695,0.00106695,3.056536,0,89.91,Kovacs 2007,http://adsabs.harvard.edu/abs/2007ApJ...670L..41K,Kovacs 2007,http://adsabs.harvard.edu/abs/2007ApJ...670L..41K,2007
HAT-P-40 b,197.02309847343577,26.196352013658732,26.196352013658732,26.196352013658732,19.391536664523915,0.6949568053181981,0.6949568053181981,0.6949568053181981,1.512,0.045,0.514,0.2795,2.206,0.061,0.061,0.061,6080,100,100,100,0.060845,0.00374916,0.00374916,0.00374916,4.457243,0,88.3,Hartman 2012,http://adsabs.harvard.edu/abs/2012AJ....144..139H,Hartman 2012,http://adsabs.harvard.edu/abs/2012AJ....144..139H,2012
HAT-P-41 b,254.12902284824747,32.97569815205383,32.97569815205383,32.97569815205383,18.887132531631675,0.8518825355513397,0.5716580172778727,0.7117702764146062,1.418,0.047,0.047,0.047,1.683,0.058,0.036,0.047,6390,100,100,100,0.0425775,0.000709625,0.000709625,0.000709625,2.694047,0,87.7,Hartman 2012,http://adsabs.harvard.edu/abs/2012AJ....144..139H,Hartman 2012,http://adsabs.harvard.edu/abs/2012AJ....144..139H,2012
HAT-P-5 b,334.9501049512905,36.025784171939335,36.025784171939335,36.025784171939335,14.056061836597106,0.5716580172778727,0.6277029209325661,0.5996804691052194,1.157,0.043,0.081,0.062,1.165,0.046,0.052000000000000005,0.049,5960,100,100,100,0.0407152,0.000727266,0.000727266,0.000727266,2.788491,0,86.75,Bakos 2007,http://adsabs.harvard.edu/abs/2007ApJ...671L.173B,Bakos 2007,http://adsabs.harvard.edu/abs/2007ApJ...671L.173B,2007
HAT-P-6 b,335.7160429848347,16.61952049814201,16.61952049814201,16.61952049814201,14.907944372148444,0.7173747667800755,0.6501208823944434,0.6837478245872595,1.29,0.064,0.066,0.065,1.46,0.06,0.06,0.06,6570,80,80,80,0.0523738,0.000879664,0.000879664,0.000879664,3.852985,0,85.51,Noyes 2008,http://adsabs.harvard.edu/abs/2008ApJ...673L..79N,Noyes 2008,http://adsabs.harvard.edu/abs/2008ApJ...673L..79N,2008
HAT-P-7 b,565.2908722506779,20.08016201667169,20.08016201667169,20.08016201667169,15.277840736269422,2.1857512425330428,0.9751813235916648,1.5804662830623537,1.5,0.03,0.03,0.03,1.981,0.013,0.117,0.065,6389,0,34,17,0.037964,0.000632733,0.000632733,0.000632733,2.204737,0,83.111,Pal 2008,http://adsabs.harvard.edu/abs/2008ApJ...680.1450P,Morris 2013,http://adsabs.harvard.edu/abs/2013ApJ...764L..22M,2008
HAT-P-8 b,410.7493667771417,17.231953108365975,17.231953108365975,17.231953108365975,16.81347109640802,0.7846286511657077,0.7846286511657077,0.7846286511657077,1.28,0.04,0.04,0.04,1.58,0.08,0.06000000000000001,0.07,6200,80,80,80,0.0449613,0.000749354,0.000749354,0.000749354,3.076337,0,87.8,Latham 2009,http://adsabs.harvard.edu/abs/2009ApJ...704.1107L,Latham 2009,http://adsabs.harvard.edu/abs/2009ApJ...704.1107L,2009
HAT-P-9 b,246.35649979913626,28.393863191724414,28.393863191724414,28.393863191724414,15.692573023314152,0.6725388438563208,0.6725388438563208,0.6725388438563208,1.28,0.13,0.13,0.13,1.32,0.07,0.07,0.07,6350,150,150,150,0.0528645,0.00178968,0.00178968,0.00178968,3.92289,0,86.5,Shporer 2009,http://adsabs.harvard.edu/abs/2009ApJ...690.1393S,Shporer 2009,http://adsabs.harvard.edu/abs/2009ApJ...690.1393S,2009
HATS-1 b,591.0022361152957,80.22644722305915,80.22644722305915,80.22644722305915,14.594092911682162,1.8158548784120663,1.0984801116319907,1.4571674950220284,0.986,0.054,0.054,0.054,1.038,0.128,0.07500000000000001,0.1015,5870,100,100,100,0.0444708,0.00081184,0.00081184,0.00081184,3.446459,0.12,85.6,Penev 2013,http://adsabs.harvard.edu/abs/2013AJ....145....5P,Penev 2013,http://adsabs.harvard.edu/abs/2013AJ....145....5P,2013
HD 149026 b,114.36217600682936,4.9575259766998085,4.9575259766998085,4.9575259766998085,7.3306733980338965,0.6725388438563208,0.5156131136231793,0.59407597873975,1.294,0.06,0.05,0.055,1.368,0.12,0.08300000000000002,0.1015,6160,50,50,50,0.0431325,0.000718875,0.000718875,0.000718875,2.8758911,0,84.55,Sato 2005,http://adsabs.harvard.edu/abs/2005ApJ...633..465S,Carter 2009,http://adsabs.harvard.edu/abs/2009ApJ...696..241C,2005
HD 17156 b,1048.9060535301796,35.45562117103545,35.45562117103545,35.45562117103545,11.433160345557454,0.8967184584750945,0.8967184584750945,0.8967184584750945,1.285,0.026,0.026,0.026,1.507,0.012,0.012,0.012,6079,56,56,56,0.163197,0.00271996,0.00271996,0.00271996,21.21663,0.6819,87.816,Fischer 2007,http://adsabs.harvard.edu/abs/2007ApJ...669.1336F,Barbieri 2009,http://adsabs.harvard.edu/abs/2009A%26A...503..601B,2007
HD 189733 b,362.434885507683,17.87693013960028,17.87693013960028,17.87693013960028,12.755820071808216,0.30264247973534436,0.30264247973534436,0.30264247973534436,0.806,0.048,0.048,0.048,0.756,0.018,0.018,0.018,5040,50,50,50,0.0309953,0.000615292,0.000615292,0.000615292,2.21857567,0,85.71,Bouchy 2005,http://adsabs.harvard.edu/abs/2005A%26A...444L..15B,Bouchy 2005,http://adsabs.harvard.edu/abs/2005A%26A...444L..15B,2005
HD 209458 b,218.81991513508083,7.5149962488701405,7.5149962488701405,7.5149962488701405,15.233004813345666,0.1681347109640802,0.1681347109640802,0.1681347109640802,1.131,0.0259999,0.024000100000000003,0.025,1.155,0.014,0.016,0.015,6065,50,50,50,0.047235,0.000787249,0.000787249,0.000787249,3.52474859,0,86.71,Henry 2000 ; Charbonneau 2000,http://adsabs.harvard.edu/abs/2000ApJ...529L..41H ; http://adsabs.harvard.edu/abs/2000ApJ...529L..45C,Torres 2008,http://adsabs.harvard.edu/abs/2008ApJ...677.1324T,2000
HD 80606 b,1236.3828944461181,59.775901727427936,59.775901727427936,59.775901727427936,11.5340411721359,0.19055267242595758,0.19055267242595758,0.19055267242595758,0.958,0.072,0.048,0.06,0.98,0.07,0.07,0.07,5572.51,44,44,44,0.447343,0.0093391,0.0093391,0.0093391,111.4367,0.934,89.285,Naef 2001,http://adsabs.harvard.edu/abs/2001A%26A...375L..27N,Moutou 2009,http://adsabs.harvard.edu/abs/2009A%26A...498L...5M,2001
KELT-2 A b,483.14163452847237,28.523627714170935,28.523627714170935,28.523627714170935,14.414749219987144,0.7285837475110142,0.526822094354118,0.6277029209325661,1.308,0.028,0.024999999999999998,0.0265,1.828,0.07,0.03399999999999999,0.052,6151,49,50,49.5,0.0549707,0.000916178,0.000916178,0.000916178,4.1137912,0,88.6,Beatty 2012,http://adsabs.harvard.edu/abs/2012ApJ...756L..39B,Beatty 2012,http://adsabs.harvard.edu/abs/2012ApJ...756L..39B,2012
KOI-200 b,211.3795104449131,28.739107376719893,28.739107376719893,28.739107376719893,14.795854564839058,1.5692573023314154,1.5692573023314154,1.5692573023314154,1.4,0.14,0.10999999999999999,0.125,1.51,0.14,0.14,0.14,6050,110,110,110,0.0827067,0.00246151,0.00246151,0.00246151,7.340718,0.287,85.55,Borucki 2011,http://adsabs.harvard.edu/abs/2011ApJ...736...19B,Hebrard 2013,http://arxiv.org/abs/1304.6002,2011
KOI-889 b,3172.941209199558,158.14236768102842,158.14236768102842,158.14236768102842,11.54525015286684,0.6725388438563208,0.6725388438563208,0.6725388438563208,0.88,0.06,0.06,0.06,0.88,0.04,0.04,0.04,5330,120,120,120,0.0807413,0.00183503,0.00183503,0.00183503,8.884924,0.569,89.1,Borucki 2011,http://adsabs.harvard.edu/abs/2011ApJ...736...19B,Hebrard 2013,http://arxiv.org/abs/1304.6002,2011
Kepler-10 b,4.517508878176157,1.2484821728432258,1.2484821728432258,1.2484821728432258,1.4159969087972906,0.03299991181072733,0.035999883413555755,0.03449989761214154,0.895,0.06,0.06,0.06,1.056,0.021,0.021,0.021,5627,44,44,44,0.0167573,0.000374465,0.000374465,0.000374465,0.837495,0,84.4,Batalha 2011,http://adsabs.harvard.edu/abs/2011ApJ...729...27B,Batalha 2011,http://adsabs.harvard.edu/abs/2011ApJ...729...27B,2011
Kepler-11 b,4.296880586522045,2.1996087677011147,1.9993843025007532,2.099496535100934,1.9700007814239346,0.19000006967592228,0.19000006967592228,0.19000006967592228,0.95,0.1,0.1,0.1,1.1,0.1,0.1,0.1,5680,100,100,100,0.0910985,0.00319644,0.00319644,0.00319644,10.30375,0,88.5,Lissauer 2011,http://adsabs.harvard.edu/abs/2011Natur.470...53L,Lissauer 2011,http://adsabs.harvard.edu/abs/2011Natur.470...53L,2011
Kepler-11 c,13.4976714873958,4.799030832580094,6.095722607211005,5.4473767198955505,3.1499926009313115,0.299999402078989,0.299999402078989,0.299999402078989,0.95,0.1,0.1,0.1,1.1,0.1,0.1,0.1,5680,100,100,100,0.106504,0.00373699,0.00373699,0.00373699,13.02502,0,89,Lissauer 2011,http://adsabs.harvard.edu/abs/2011Natur.470...53L,Lissauer 2011,http://adsabs.harvard.edu/abs/2011Natur.470...53L,2011
Kepler-11 d,6.1000131314653,3.0996654112684543,1.700337940142613,2.400001675705534,3.4299929395901603,0.31999958639720294,0.31999958639720294,0.31999958639720294,0.95,0.1,0.1,0.1,1.1,0.1,0.1,0.1,5680,100,100,100,0.154183,0.00540994,0.00540994,0.00540994,22.68719,0,89.3,Lissauer 2011,http://adsabs.harvard.edu/abs/2011Natur.470...53L,Lissauer 2011,http://adsabs.harvard.edu/abs/2011Natur.470...53L,2011
Kepler-11 e,8.39868533694888,2.4980385658330824,1.9005433363462887,2.199290951089685,4.5199990617895605,0.43918692030542006,0.43918692030542006,0.43918692030542006,0.95,0.1,0.1,0.1,1.1,0.1,0.1,0.1,5680,100,100,100,0.1939,0.0068035,0.0068035,0.0068035,31.9959,0,88.8,Lissauer 2011,http://adsabs.harvard.edu/abs/2011Natur.470...53L,Lissauer 2011,http://adsabs.harvard.edu/abs/2011Natur.470...53L,2011
Kepler-11 f,2.2978141006327206,2.199656440192829,1.2003456688761673,1.7000010545344981,2.6099999542183405,0.24999950173249083,0.24999950173249083,0.24999950173249083,0.95,0.1,0.1,0.1,1.1,0.1,0.1,0.1,5680,100,100,100,0.249453,0.00875275,0.00875275,0.00875275,46.68876,0,89.4,Lissauer 2011,http://adsabs.harvard.edu/abs/2011Natur.470...53L,Lissauer 2011,http://adsabs.harvard.edu/abs/2011Natur.470...53L,2011
Kepler-12 b,137.25069272873353,13.204612789996986,13.204612789996986,13.204612789996986,18.999222338941063,0.31385146046628304,0.35868738339003775,0.3362694219281604,1.166,0.051,0.054,0.0525,1.483,0.025,0.028999999999999998,0.027,5947,100,100,100,0.0556348,0.000927246,0.000927246,0.000927246,4.4379637,0,88.76,Borucki 2011,http://adsabs.harvard.edu/abs/2011ApJ...736...19B,Fortney 2011,http://adsabs.harvard.edu/abs/2011ApJS..197....9F,2011
Kepler-14 b,2671.7030968163103,93.30364733353419,93.30364733353419,93.30364733353419,12.73340211034634,0.8182555933585236,0.6052849594706888,0.7117702764146062,1.512,0.043,0.043,0.043,2.048,0.112,0.084,0.098,6395,60,60,60,0.0806879,0.0013448,0.0013448,0.0013448,6.790123,0.0350051,90,Borucki 2011,http://adsabs.harvard.edu/abs/2011ApJ...736...19B,Bucchave 2011,http://adsabs.harvard.edu/abs/2011ApJS..197....3B,2011
Kepler-15 b,210.32149894546546,25.09788245957618,25.09788245957618,25.09788245957618,10.760621501701133,0.7846286511657077,0.6725388438563208,0.7285837475110142,1.018,0.044,0.032,0.038,0.992,0.058,0.07,0.064,5515,122,130,126,0.0571382,0.000952303,0.000952303,0.000952303,4.942782,0.133933,87.44,Borucki 2011,http://adsabs.harvard.edu/abs/2011ApJ...736...19B,Endl 2011,http://adsabs.harvard.edu/abs/2011ApJS..197...13E,2011
Kepler-16 b,105.83293160590539,5.085065782866325,5.085065782866325,5.085065782866325,8.449329674981577,0.02914334990044057,0.025780655681158966,0.027462002790799765,0.6897,0.0035,0.0034,0.00345,0.6489,0.0013,0.0013,0.0013,4450,150,150,150,0.646795,0.0107801,0.0107801,0.0107801,228.776,0.0069,90.0322,Borucki 2011,http://adsabs.harvard.edu/abs/2011ApJ...736...19B,Doyle 2011,http://adsabs.harvard.edu/abs/2011Sci...333.1602D,2011
Kepler-17 b,787.0760163703927,32.431596113287135,32.431596113287135,32.431596113287135,14.907944372148444,0.44835922923754723,0.44835922923754723,0.44835922923754723,1.16,0.06,0.06,0.06,1.05,0.03,0.03,0.03,5781,85,85,85,0.0267923,0.000461936,0.000461936,0.000461936,1.4857108,0,87.22,Borucki 2011,http://adsabs.harvard.edu/abs/2011ApJ...736...19B,Desert 2011,http://adsabs.harvard.edu/abs/2011ApJS..197...14D,2011
Kepler-18 b,6.872593532188409,3.4822530481068594,3.4822530481068594,3.4822530481068594,2.0000184318213887,0.09998410811997303,0.09998410811997303,0.09998410811997303,0.972,0.042,0.042,0.042,1.108,0.051,0.051,0.051,5383,44,44,44,0.0447299,0.000745498,0.000745498,0.000745498,3.504725,0,84.92,Borucki 2011,http://adsabs.harvard.edu/abs/2011ApJ...736...19B,Cochran 2011,http://adsabs.harvard.edu/abs/2011ApJS..197....7C,2011
Kepler-18 c,17.285092045796926,1.9053391890127547,1.9053391890127547,1.9053391890127547,5.489990627302801,0.25999903344256126,0.25999903344256126,0.25999903344256126,0.972,0.042,0.042,0.042,1.108,0.051,0.051,0.051,5383,44,44,44,0.0752115,0.00125353,0.00125353,0.00125353,7.64159,0.000338541,87.68,Borucki 2011,http://adsabs.harvard.edu/abs/2011ApJ...736...19B,Cochran 2011,http://adsabs.harvard.edu/abs/2011ApJS..197....7C,2011
Kepler-18 d,16.38999334136788,1.3975985487596667,1.3975985487596667,1.3975985487596667,6.97998922688575,0.32999911810727334,0.32999911810727334,0.32999911810727334,0.972,0.042,0.042,0.042,1.108,0.051,0.051,0.051,5383,44,44,44,0.117171,0.00195285,0.00195285,0.00195285,14.85888,0.000521567,88.07,Borucki 2011,http://adsabs.harvard.edu/abs/2011ApJ...736...19B,Cochran 2011,http://adsabs.harvard.edu/abs/2011ApJS..197....7C,2011
Kepler-20 b,8.45865733152556,2.1221060088380033,2.1221060088380033,2.1221060088380033,1.9082953425001177,0.11989237879619323,0.2098130640159295,0.16485272140606136,0.912,0.034,0.034,0.034,0.944,0.06,0.095,0.0775,5455,100,100,100,0.0453704,0.000756174,0.000756174,0.000756174,3.6961219,0,86.5,Borucki 2011,http://adsabs.harvard.edu/abs/2011ApJ...736...19B,Gautier 2012,http://adsabs.harvard.edu/abs/2012ApJ...749...15G,2011
Kepler-20 c,15.727536396504972,3.3142234056442703,3.3142234056442703,3.3142234056442703,3.0672591141562533,0.19982137859237076,0.30972319286307837,0.25477228572772453,0.912,0.034,0.034,0.034,0.944,0.06,0.095,0.0775,5455,100,100,100,0.0930411,0.00155068,0.00155068,0.00155068,10.854092,0,88.39,Borucki 2011,http://adsabs.harvard.edu/abs/2011ApJ...736...19B,Gautier 2012,http://adsabs.harvard.edu/abs/2012ApJ...749...15G,2011
Kepler-20 d,7.52774069498845,7.218473350406748,7.218473350406748,7.218473350406748,2.7475453567676893,0.16984856411784074,0.2997315074395196,0.23479003577868016,0.912,0.034,0.034,0.034,0.944,0.06,0.095,0.0775,5455,100,100,100,0.345324,0.0057554,0.0057554,0.0057554,77.61184,0,89.57,Borucki 2011,http://adsabs.harvard.edu/abs/2011ApJ...736...19B,Gautier 2012,http://adsabs.harvard.edu/abs/2012ApJ...749...15G,2011
Kepler-34 b,69.91965451441197,3.495982725720598,3.1781661142914537,3.3370744200060263,8.563661278437152,0.15692573023314152,0.13450776877126414,0.14571674950220284,1.0479,0.0033,0.003,0.00315,1.1618,0.0027,0.0030999999999999995,0.0029,,,,,0.86856,0.0144767,0.0144767,0.0144767,288.822,0.182,90.355,Welsh 2012,http://adsabs.harvard.edu/abs/2012Natur.481..475W,Welsh 2012,http://adsabs.harvard.edu/abs/2012Natur.481..475W,2012
Kepler-35 b,40.362709651501454,6.3563322285829065,6.3563322285829065,6.3563322285829065,8.160137972123358,0.15692573023314152,0.15692573023314152,0.15692573023314152,0.8877,0.0051,0.005299999999999999,0.0052,1.0284,0.002,0.0018999999999999998,0.00195,,,,,0.48628,0.00810778,0.00810778,0.00810778,131.458,0.042,90.76,Welsh 2012,http://adsabs.harvard.edu/abs/2012Natur.481..475W,Welsh 2012,http://adsabs.harvard.edu/abs/2012Natur.481..475W,2012
Kepler-36 b,4.461318901275485,0.3007625720598574,0.3007625720598574,0.3007625720598574,1.484674333735752,0.03496876927611671,0.03496876927611671,0.03496876927611671,1.071,0.043,0.043,0.043,1.626,0.019,0.019,0.019,5911,66,66,66,0.115423,0.00192372,0.00192372,0.00192372,13.83989,0,89.52,Borucki 2011,http://adsabs.harvard.edu/abs/2011ApJ...736...19B,Carter 2012,http://adsabs.harvard.edu/abs/2012Sci...337..556C,2011
Kepler-36 c,8.100764045395199,0.5313607708145023,0.5313607708145023,0.5313607708145023,3.6757162151737974,0.05395173859299791,0.05395173859299791,0.05395173859299791,1.071,0.043,0.043,0.043,1.626,0.019,0.019,0.019,5911,66,66,66,0.128401,0.00214002,0.00214002,0.00214002,16.23855,0,89.76,Carter 2012,http://adsabs.harvard.edu/abs/2012Sci...337..556C,Carter 2012,http://adsabs.harvard.edu/abs/2012Sci...337..556C,2012
Kepler-39 b,5776.857200964146,228.13257748317764,228.13257748317764,228.13257748317764,13.67495649174519,1.3450776877126416,1.120898073093868,1.2329878804032548,1.1,0.07,0.06,0.065,1.39,0.11,0.09999999999999999,0.105,6260,140,140,140,0.155007,0.00305317,0.00305317,0.00305317,21.0874,0.121,88.83,Borucki 2011,http://adsabs.harvard.edu/abs/2011ApJ...736...19B,Bouchy 2011,http://adsabs.harvard.edu/abs/2011A%26A...533A..83B,2011
Kepler-4 b,24.54408701416089,4.074250050215928,4.074250050215928,4.074250050215928,4.001606120945109,0.21297063388783494,0.21297063388783494,0.21297063388783494,1.223,0.053,0.091,0.072,1.487,0.071,0.084,0.0775,5857,120,120,120,0.0455763,0.000894387,0.000894387,0.000894387,3.21346,0,89.76,Borucki 2010,http://adsabs.harvard.edu/abs/2010ApJ...713L.126B,Borucki 2010,http://adsabs.harvard.edu/abs/2010ApJ...713L.126B,2010
Kepler-40 b,691.8263779250778,106.87155629205584,106.87155629205584,106.87155629205584,13.114507455198254,0.44835922923754723,0.44835922923754723,0.44835922923754723,1.48,0.06,0.06,0.06,2.13,0.06,0.06,0.06,6510,100,100,100,0.0806644,0.00134442,0.00134442,0.00134442,6.87349,0,89.7,Santerne 2011,http://adsabs.harvard.edu/abs/2011A%26A...528A..63S,Santerne 2011,http://adsabs.harvard.edu/abs/2011A%26A...528A..63S,2011
Kepler-41 b,156.78751546650597,22.62399795621171,22.62399795621171,22.62399795621171,9.42675279471943,0.35868738339003775,0.35868738339003775,0.35868738339003775,0.94,0.09,0.09,0.09,0.966,0.032,0.032,0.032,5660,100,100,100,0.0289537,0.000924056,0.000924056,0.000924056,1.855558,0,88.3,Borucki 2011,http://adsabs.harvard.edu/abs/2011ApJ...736...19B,Santerne 2011,http://adsabs.harvard.edu/abs/2011A%26A...536A..70S,2011
Kepler-43 b,1022.0124118710454,58.42390986240835,58.42390986240835,58.42390986240835,13.450776877126417,0.6725388438563208,0.6725388438563208,0.6725388438563208,1.32,0.09,0.09,0.09,1.42,0.07,0.07,0.07,6041,143,143,143,0.0449294,0.00102112,0.00102112,0.00102112,3.024095,0,84.35,Borucki 2011,http://adsabs.harvard.edu/abs/2011ApJ...736...19B,Bonomo 2012,http://adsabs.harvard.edu/abs/2012A%26A...538A..96B,2011
Kepler-44 b,322.6092859294968,22.26797978808878,22.26797978808878,22.26797978808878,13.899136106363963,0.7846286511657077,0.7846286511657077,0.7846286511657077,1.19,0.1,0.1,0.1,1.52,0.09,0.09,0.09,5757,134,134,134,0.0454854,0.0012741,0.0012741,0.0012741,3.24674,0,83.78,Borucki 2011,http://adsabs.harvard.edu/abs/2011ApJ...736...19B,Bonomo 2012,http://adsabs.harvard.edu/abs/2012A%26A...538A..96B,2011
Kepler-45 b,162.34008948478456,18.432441794717285,18.432441794717285,18.432441794717285,10.760621501701133,1.2329878804032548,1.2329878804032548,1.2329878804032548,0.59,0.06,0.06,0.06,0.55,0.11,0.11,0.11,3820,90,90,90,0.0298817,0.00101294,0.00101294,0.00101294,2.455239,0.11,87,Borucki 2011,http://adsabs.harvard.edu/abs/2011ApJ...736...19B,Johnson 2012,http://adsabs.harvard.edu/abs/2012AJ....143..111J,2011
Kepler-5 b,671.2986029928694,23.853185482575075,23.853185482575075,23.853185482575075,16.040051425973253,0.5212176039886486,0.5212176039886486,0.5212176039886486,1.374,0.04,0.059000000000000004,0.0495,1.793,0.043,0.062,0.0525,6297,60,60,60,0.0506416,0.000844027,0.000844027,0.000844027,3.54846,0,86.3,Koch 2010,http://adsabs.harvard.edu/abs/2010ApJ...713L.131K,Koch 2010,http://adsabs.harvard.edu/abs/2010ApJ...713L.131K,2010
Kepler-6 b,212.40701154966354,9.835121075625187,9.835121075625187,9.835121075625187,14.829481507031874,0.2914334990044057,0.3250604411972217,0.3082469701008137,1.209,0.044,0.038000000000000006,0.041,1.391,0.017,0.027999999999999997,0.0225,5647,44,44,44,0.0456089,0.000760149,0.000760149,0.000760149,3.234723,0,86.8,Dunham 2010,http://adsabs.harvard.edu/abs/2010ApJ...713L.136D,Dunham 2010,http://adsabs.harvard.edu/abs/2010ApJ...713L.136D,2010
Kepler-68 b,7.5900645324897065,2.0645875585015565,2.0645875585015565,2.0645875585015565,2.307940341481005,0.05994641357771123,0.0899196764114705,0.07493304499459087,1.079,0.051,0.051,0.051,1.243,0.019,0.019,0.019,5793,74,74,74,0.061775,0.00102958,0.00102958,0.00102958,5.398763,0,87.6,Borucki 2011,http://adsabs.harvard.edu/abs/2011ApJ...736...19B,Gilliland 2013,http://adsabs.harvard.edu/abs/2013ApJ...766...40G,2011
Kepler-68 c,4.371186110274179,2.801350027116601,2.801350027116601,2.801350027116601,0.9521491099857324,0.036966994271021146,0.04196238862357129,0.03946469144729622,1.079,0.051,0.051,0.051,1.243,0.019,0.019,0.019,5793,74,74,74,0.0907019,0.0015117,0.0015117,0.0015117,9.605085,0,86.93,Batalha 2013,http://adsabs.harvard.edu/abs/2013ApJS..204...24B,Gilliland 2013,http://adsabs.harvard.edu/abs/2013ApJ...766...40G,2013
Kepler-7 b,138.8674258310736,12.238640981219243,12.238640981219243,12.238640981219243,16.56687352032737,0.560449036546934,0.5716580172778727,0.5660535269124034,1.347,0.000049446,0.125950554,0.063,1.843,0.048,0.066,0.057,5933,44,44,44,0.0622369,0.00103728,0.00103728,0.00103728,4.885525,0,86.5,Latham 2010,http://adsabs.harvard.edu/abs/2010ApJ...713L.140L,Latham 2010,http://adsabs.harvard.edu/abs/2010ApJ...713L.140L,2010
Kepler-8 b,185.16218253490007,33.15113292156272,33.15113292156272,33.15113292156272,15.905543657201987,0.6277029209325661,0.6501208823944434,0.6389119016635048,1.213,0.067,0.063,0.065,1.486,0.053,0.062000000000000006,0.0575,6213,150,150,150,0.0483278,0.000863234,0.000863234,0.000863234,3.52254,0,84.07,Jenkins 2010,http://adsabs.harvard.edu/abs/2010ApJ...724.1108J,Jenkins 2010,http://adsabs.harvard.edu/abs/2010ApJ...724.1108J,2010
Kepler-9 b,79.09343100331425,6.670366822336044,6.670366822336044,6.670366822336044,9.437961775450368,0.773419670434769,0.773419670434769,0.773419670434769,1,0.1,0.1,0.1,1.1,0.09,0.09,0.09,,,,,0.140548,0.00468494,0.00468494,0.00468494,19.243158,0.150841,88.55,Holman 2010,http://adsabs.harvard.edu/abs/2010Sci...330...51H,Holman 2010,http://adsabs.harvard.edu/abs/2010Sci...330...51H,2010
Kepler-9 c,53.57752435472532,5.52174580696997,5.52174580696997,5.52174580696997,9.224991141562533,0.7510017089728915,0.7510017089728915,0.7510017089728915,1,0.1,0.1,0.1,1.1,0.09,0.09,0.09,,,,,0.22473,0.00749099,0.00749099,0.00749099,38.90861,0.132575,88.12,Holman 2010,http://adsabs.harvard.edu/abs/2010Sci...330...51H,Holman 2010,http://adsabs.harvard.edu/abs/2010Sci...330...51H,2010
OGLE-TR-10 b,199.1575548357939,44.494325600080344,44.494325600080344,44.494325600080344,14.01122591367335,1.5692573023314154,1.3450776877126416,1.4571674950220284,1.14,0.11,0.11,0.11,1.17,0.13,0.10999999999999999,0.12,5950,130,130,130,0.0434855,,,,3.101278,0,90,Konacki 2005,http://adsabs.harvard.edu/abs/2005ApJ...624..372K,Torres 2008,http://adsabs.harvard.edu/abs/2008ApJ...677.1324T,2005
OGLE-TR-111 b,174.31637285326906,31.766882670483078,31.766882670483078,31.766882670483078,11.780638748216553,0.6389119016635048,0.59407597873975,0.6164939402016274,0.852,0.055,0.055,0.055,0.831,0.045,0.04000000000000001,0.0425,5040,80,80,80,0.0468862,,,,4.0161,0,88.25,Pont 2004,http://adsabs.harvard.edu/abs/2004A%26A...426L..15P,Torres 2008,http://adsabs.harvard.edu/abs/2008ApJ...677.1324T,2004
OGLE-TR-113 b,398.8852726724917,50.8141089183489,50.8141089183489,50.8141089183489,12.251415938915978,0.31385146046628304,0.24659757608065103,0.280224518273467,0.779,0.016,0.016,0.016,0.774,0.02,0.011,0.0155,4790,75,75,75,0.0228946,,,,1.4324752,0,87.8,Konacki 2004; Bouchy 2004,http://adsabs.harvard.edu/abs/2004ApJ...609L..37K ; http://adsabs.harvard.edu/abs/2004A%26A...421L..13B,Torres 2008,http://adsabs.harvard.edu/abs/2008ApJ...677.1324T,2004
OGLE-TR-132 b,371.670636235814,44.23053781259415,44.23053781259415,44.23053781259415,13.450776877126417,1.6813471096408021,1.232987880403255,1.4571674950220284,1.305,0.071,0.071,0.071,1.32,0.17,0.11999999999999997,0.145,6210,75,75,75,0.0303507,,,,1.689868,0,83.4,Bouchy 2004,http://adsabs.harvard.edu/abs/2004A%26A...421L..13B,Torres 2008,http://adsabs.harvard.edu/abs/2008ApJ...677.1324T,2004
OGLE-TR-182 b,324.6878065682434,47.253291603896756,47.253291603896756,47.253291603896756,12.666148225960708,2.690155375425283,1.5692573023314154,2.129706338878349,1.14,0.05,0.05,0.05,1.14,0.23,0.05999999999999997,0.145,5924,64,64,64,0.0513517,0.000855862,0.000855862,0.000855862,3.9791,0,85.7,Pont 2008,http://adsabs.harvard.edu/abs/2008A%26A...487..749P,Pont 2008,http://adsabs.harvard.edu/abs/2008A%26A...487..749P,2008
OGLE-TR-211 b,239.4509804660038,47.3988516119313,47.3988516119313,47.3988516119313,15.244213794076606,2.0176165315689625,1.0088082657844815,1.513212398676722,1.33,0.05,0.05,0.05,1.64,0.21,0.07000000000000003,0.14,6325,91,91,91,0.0512842,0.000854736,0.000854736,0.000854736,3.67724,0,84.2182,Udalski 2008,http://adsabs.harvard.edu/abs/2008A%26A...482..299U,Udalski 2008,http://adsabs.harvard.edu/abs/2008A%26A...482..299U,2008
OGLE-TR-56 b,430.47624384854873,55.89472526865521,55.89472526865521,55.89472526865521,15.277840736269422,1.0312262272463586,1.0088082657844812,1.0200172465154198,1.228,0.072,0.078,0.075,1.363,0.089,0.086,0.0875,6050,100,100,100,0.0238309,,,,1.2119189,0,77.6,Konacki 2003,http://adsabs.harvard.edu/abs/2003Natur.421..507K,Torres 2008,http://adsabs.harvard.edu/abs/2008ApJ...677.1324T,2003
OGLE2-TR-L9 b,1430.851700813498,479.58526664658024,479.58526664658024,479.58526664658024,18.046458976811277,0.44835922923754723,0.44835922923754723,0.44835922923754723,1.52,0.08,0.08,0.08,1.53,0.04,0.04,0.04,6933,58,58,58,0.0413279,0.00072505,0.00072505,0.00072505,2.4855335,0,79.8,Snellen 2009,http://adsabs.harvard.edu/abs/2009A%26A...497..545S,Snellen 2009,http://adsabs.harvard.edu/abs/2009A%26A...497..545S,2009
Qatar-1 b,344.1064015265642,27.02149928191222,27.02149928191222,27.02149928191222,13.047253570812622,0.5044041328922406,0.5044041328922406,0.5044041328922406,0.85,0.03,0.03,0.03,0.823,0.025,0.025,0.025,4861,125,125,125,0.0234308,0.000390514,0.000390514,0.000390514,1.420033,0,83.47,Alsubai 2011,http://adsabs.harvard.edu/abs/2011MNRAS.417..709A,Alsubai 2011,http://adsabs.harvard.edu/abs/2011MNRAS.417..709A,2011
Qatar-2 b,789.1386461785679,27.593124239228686,27.593124239228686,27.593124239228686,12.823073956193848,0.39231432558285384,0.39231432558285384,0.39231432558285384,0.74,0.037,0.037,0.037,0.713,0.018,0.018,0.018,4645,50,50,50,0.0215077,0.000358461,0.000358461,0.000358461,1.3371182,0,88.3,Bryan 2012,http://adsabs.harvard.edu/abs/2012ApJ...750...84B,Bryan 2012,http://adsabs.harvard.edu/abs/2012ApJ...750...84B,2012
TrES-1 b,239.151915034649,15.139734573666766,15.139734573666766,15.139734573666766,11.959982439911572,0.24659757608065097,0.23538859534971224,0.24099308571518163,0.878,0.038,0.04,0.039,0.807,0.017,0.016,0.0165,5230,50,50,50,0.0392516,0.000654194,0.000654194,0.000654194,3.030065,0,90,Alonso 2004,http://adsabs.harvard.edu/abs/2004ApJ...613L.153A,Alonso 2004,http://adsabs.harvard.edu/abs/2004ApJ...613L.153A,2004
TrES-2 b,379.206068092799,16.60359788590941,16.60359788590941,16.60359788590941,13.719792414668945,0.4595682099684859,0.4595682099684859,0.4595682099684859,0.983,0.063,0.059,0.061,1.003,0.033,0.033,0.033,5850,50,50,50,0.0355765,0.0007359,0.0007359,0.0007359,2.47063,0,83.57,O'Donovan 2006,http://adsabs.harvard.edu/abs/2006ApJ...651L..61O,O'Donovan 2006,http://adsabs.harvard.edu/abs/2006ApJ...651L..61O,2006
TrES-3 b,595.2673350406749,24.383208245455457,24.383208245455457,24.383208245455457,14.975198256534076,0.3474784026590991,0.4147322870447312,0.38110534485191516,0.915,0.031,0.020999999999999998,0.026,0.812,0.014,0.025,0.0195,5650,75,75,75,0.0227178,,,,1.30618581,0,81.85,O'Donovan 2007,http://adsabs.harvard.edu/abs/2007ApJ...663L..37O,Sozzetti 2009,http://adsabs.harvard.edu/abs/2009ApJ...691.1145S,2007
TrES-4 b,290.17260475042684,23.53006133373506,23.53006133373506,23.53006133373506,19.985612643263668,1.0424352079772972,0.9639723428607265,1.003203775419012,1.394,0.06,0.05600000000000001,0.058,1.816,0.065,0.062,0.0635,6200,75,75,75,0.0509243,0.000848739,0.000848739,0.000848739,3.553945,0,82.81,Mandushev 2007,http://adsabs.harvard.edu/abs/2007ApJ...667L.195M,Mandushev 2007,http://adsabs.harvard.edu/abs/2007ApJ...667L.195M,2007
TrES-5 b,562.5354022295871,25.456506723912824,25.456506723912824,25.456506723912824,13.551657703704864,0.2353885953497123,0.2353885953497123,0.2353885953497123,0.893,0.024,0.024,0.024,0.866,0.013,0.013,0.013,5171,36,36,36,0.0245157,0.000408595,0.000408595,0.000408595,1.4822446,0,84.529,Mandushev 2011,http://adsabs.harvard.edu/abs/2011ApJ...741..114M,Mandushev 2011,http://adsabs.harvard.edu/abs/2011ApJ...741..114M,2011
WASP-1 b,263.0046873556292,16.14625978206287,16.14625978206287,16.14625978206287,16.99281478810304,0.5828669980088114,2.7798272212727926,1.6813471096408021,1.2,0.03,0.03,0.03,1.517,0.052,0.045000000000000005,0.0485,6110,45,45,45,0.0385203,0.000642005,0.000642005,0.000642005,2.5199449,0,88.65,Collier-Cameron 2007,http://adsabs.harvard.edu/abs/2007MNRAS.375..951C,Simpson 2011,http://adsabs.harvard.edu/abs/2011MNRAS.414.3023S,2007
WASP-10 b,1013.9430481068594,36.82731766596365,36.82731766596365,36.82731766596365,12.105699189413777,0.22417961461877361,0.22417961461877361,0.22417961461877361,0.79,0.02,0.030000000000000002,0.025,0.698,0.012,0.012,0.012,4675,100,100,100,0.0384536,0.000640893,0.000640893,0.000640893,3.0927616,0.0507142,88.49,Christian 2009,http://adsabs.harvard.edu/abs/2009MNRAS.392.1585C,Johnson 2009,http://adsabs.harvard.edu/abs/2009ApJ...692L.100J,2009
WASP-11 b,171.54215165210405,16.485242979813194,16.485242979813194,16.485242979813194,10.2001724651542,0.6725388438563208,0.3362694219281604,0.5044041328922406,0.8,0.03,0.020000000000000004,0.025,0.74,0.04,0.030000000000000006,0.035,4800,100,100,100,0.0436466,0.000727443,0.000727443,0.000727443,3.722465,0,89.8,West 2009 ; Bakos 2009,http://adsabs.harvard.edu/abs/2009A%26A...502..395W ; http://adsabs.harvard.edu/abs/2009ApJ...696.1950B,West 2009,http://adsabs.harvard.edu/abs/2009A%26A...502..395W,2009
WASP-12 b,428.7314306518027,16.183793923872653,16.183793923872653,16.183793923872653,20.06407550838024,1.0088082657844812,1.0088082657844812,1.0088082657844812,1.28,0.05,0.05,0.05,1.63,0.08,0.08,0.08,6300,200,100,150,0.0225329,0.000375549,0.000375549,0.000375549,1.09142245,0.049,82.5,Hebb 2009,http://adsabs.harvard.edu/abs/2009ApJ...693.1920H,Maciejewski 2011,http://adsabs.harvard.edu/abs/2011A%26A...528A..65M,2009
WASP-13 b,151.82004182986844,19.59984577181882,19.59984577181882,19.59984577181882,15.569274235273827,0.5044041328922406,0.6277029209325662,0.5660535269124034,1.09,0.05,0.05,0.05,1.512,0.031,0.040999999999999995,0.036,5826,100,100,100,0.0537035,0.000895058,0.000895058,0.000895058,4.353011,0,85.19,Skillen 2009,http://adsabs.harvard.edu/abs/2009A%26A...502..391S,Skillen 2009,http://adsabs.harvard.edu/abs/2009A%26A...502..391S,2009
WASP-14 b,2432.749499347193,93.14601029426532,93.14601029426532,93.14601029426532,14.35870431633245,0.8406735548204011,0.9191364199369718,0.8799049873786864,1.31,0.05,0.09999999999999999,0.075,1.31,0.07,0.07,0.07,6475,100,100,100,0.0367693,0.000701704,0.000701704,0.000701704,2.243752,0.091,84.32,Joshi 2009,http://adsabs.harvard.edu/abs/2009MNRAS.392.1532J,Joshi 2009,http://adsabs.harvard.edu/abs/2009MNRAS.392.1532J,2009
WASP-15 b,172.08116862508788,6.630035894345687,6.630035894345687,6.630035894345687,15.45718442796444,0.7510017089728915,0.6501208823944434,0.7005612956836675,1.18,0.03,0.03,0.03,1.477,0.072,0.072,0.072,6300,100,100,100,0.0499436,0.000832394,0.000832394,0.000832394,3.7521,0,85.96,West 2009,http://adsabs.harvard.edu/abs/2009AJ....137.4834W,Triaud 2010,http://adsabs.harvard.edu/abs/2010A%26A...524A..25T,2009
WASP-16 b,266.76382223561313,10.159929652505774,10.159929652505774,10.159929652505774,11.29865257678619,0.9303454006679105,0.661329863125382,0.7958376318966462,1,0.03,0.03,0.03,0.946,0.057,0.052,0.0545,5700,150,150,150,0.0417858,0.00069643,0.00069643,0.00069643,3.1186009,0,85.22,Lister 2009,http://adsabs.harvard.edu/abs/2009ApJ...703..752L,Lister 2009,http://adsabs.harvard.edu/abs/2009ApJ...703..752L,2009
WASP-17 b,161.3450056743999,9.559987235110977,9.559987235110977,9.559987235110977,21.65575077217353,0.5828669980088114,1.120898073093868,0.8518825355513397,1.19,0.03,0.03,0.03,1.2,0.081,0.08,0.0805,6550,100,100,100,0.0499354,0.000832256,0.000832256,0.000832256,3.735433,0,86.63,Anderson 2010,http://adsabs.harvard.edu/abs/2010ApJ...709..159A,Triaud 2010,http://adsabs.harvard.edu/abs/2010A%26A...524A..25T,2010
WASP-18 b,3198.3792507783464,106.66529331123832,106.66529331123832,106.66529331123832,14.201778586099309,0.6949568053181981,0.5044041328922406,0.5996804691052194,1.22,0.03,0.03,0.03,1.216,0.067,0.05399999999999999,0.0605,6400,100,100,100,0.0201401,0.000335668,0.000335668,0.000335668,0.9414529,0.00848,80.6,Hellier 2009,http://adsabs.harvard.edu/abs/2009Natur.460.1098H,Triaud 2010,http://adsabs.harvard.edu/abs/2010A%26A...524A..25T,2009
WASP-19 b,354.06359596263934,12.50490773827458,12.50490773827458,12.50490773827458,15.535647293081011,0.35868738339003775,0.35868738339003775,0.35868738339003775,0.93,0.02,0.02,0.02,0.99,0.02,0.02,0.02,5500,100,100,100,0.0163152,0.00027192,0.00027192,0.00027192,0.78884,0.0046,79.4,Hebb 2010,http://adsabs.harvard.edu/abs/2010ApJ...708..224H,Hellier 2011,http://adsabs.harvard.edu/abs/2011ApJ...730L..31H,2010
WASP-2 b,287.5661907200964,11.131113653710957,11.131113653710957,11.131113653710957,12.072072247220959,0.6164939402016274,0.6501208823944434,0.6333074112980355,0.88,0.02,0.02,0.02,0.84,0.062,0.065,0.0635,5200,200,200,200,0.0312729,0.000521215,0.000521215,0.000521215,2.1522254,0,84.73,Collier-Cameron 2007,http://adsabs.harvard.edu/abs/2007MNRAS.375..951C,Triaud 2010,http://adsabs.harvard.edu/abs/2010A%26A...524A..25T,2007
WASP-21 b,95.40886456764085,4.251305684443105,4.251305684443105,4.251305684443105,11.993609382104388,0.6725388438563208,0.6725388438563208,0.6725388438563208,1.01,0.03,0.03,0.03,1.06,0.04,0.04,0.04,5800,100,100,100,0.0521087,0.000868478,0.000868478,0.000868478,4.322482,0,88.75,Bouchy 2010,http://adsabs.harvard.edu/abs/2010A&A...519A..98B,Bouchy 2010,http://adsabs.harvard.edu/abs/2010A&A...519A..98B,2010
WASP-22 b,177.66075705533794,32.58891533594456,32.58891533594456,32.58891533594456,12.554058418651323,0.44835922923754723,0.44835922923754723,0.44835922923754723,1.1,0.3,0.3,0.3,1.13,0.03,0.03,0.03,6000,100,100,100,0.0468682,0.00426074,0.00426074,0.00426074,3.53269,0.023,89.2,Maxted 2010,http://adsabs.harvard.edu/abs/2010AJ....140.2007M,Maxted 2010,http://adsabs.harvard.edu/abs/2010AJ....140.2007M,2010
WASP-23 b,277.09826498945466,29.801536527066382,29.801536527066382,29.801536527066382,10.78303946316301,0.5772625076433421,0.5772625076433421,0.5772625076433421,0.78,0.13,0.12,0.125,0.765,0.033,0.049,0.041,5150,100,100,100,0.037022,0.00197767,0.00197767,0.00197767,2.9444256,0,88.39,Triaud 2011,http://adsabs.harvard.edu/abs/2011A%26A...531A..24T,Triaud 2011,http://adsabs.harvard.edu/abs/2011A%26A...531A..24T,2011
WASP-24 b,344.60537360650795,12.873988169127246,12.873988169127246,12.873988169127246,14.571674950220284,0.43715024850660855,0.4259412677756699,0.4315457581411392,1.184,0.027,0.027,0.027,1.331,0.032,0.032,0.032,6075,100,100,100,0.0365155,0.000608592,0.000608592,0.000608592,2.3412127,0,83.64,Street 2010,http://adsabs.harvard.edu/abs/2010ApJ...720..337S,Simpson 2011,http://adsabs.harvard.edu/abs/2011MNRAS.414.3023S,2010
WASP-25 b,183.73550376619463,14.278229085065783,14.278229085065783,14.278229085065783,13.67495649174519,0.6725388438563208,0.560449036546934,0.6164939402016274,1,0.03,0.03,0.03,0.92,0.04,0.04,0.04,5750,100,100,100,0.0473714,0.000789523,0.000789523,0.000789523,3.764825,0,88,Enoch 2011,http://adsabs.harvard.edu/abs/2011MNRAS.410.1631E,Enoch 2011,http://adsabs.harvard.edu/abs/2011MNRAS.410.1631E,2011
WASP-26 b,320.6006849452647,10.686647122627296,10.686647122627296,10.686647122627296,14.795854564839058,0.8967184584750945,0.8967184584750945,0.8967184584750945,1.12,0.03,0.03,0.03,1.34,0.06,0.06,0.06,5059,100,100,100,0.0399686,0.000666144,0.000666144,0.000666144,2.7566,0,82.5,Smalley 2010,http://adsabs.harvard.edu/abs/2010A%26A...520A..56S,Smalley 2010,http://adsabs.harvard.edu/abs/2010A%26A...520A..56S,2010
WASP-29 b,77.2097319473737,6.397076318168122,6.397076318168122,6.397076318168122,8.877512738903436,0.6277029209325661,0.3923143255828538,0.5100086232577099,0.825,0.033,0.033,0.033,0.808,0.044,0.044,0.044,4800,150,150,150,0.0456587,0.000760979,0.000760979,0.000760979,3.922727,0.03,88.8,Hellier 2010,http://adsabs.harvard.edu/abs/2010ApJ...723L..60H,Hellier 2010,http://adsabs.harvard.edu/abs/2010ApJ...723L..60H,2010
WASP-3 b,637.022081450236,29.746522471628,29.746522471628,29.746522471628,14.459585142910898,0.9527633621297878,0.9527633621297878,0.9527633621297878,1.22,0.04,0.04,0.04,1.31,0.12,0.05000000000000002,0.085,6400,100,100,100,0.0314948,0.000524913,0.000524913,0.000524913,1.846834,0,85.06,Pollacco 2008,http://adsabs.harvard.edu/abs/2008MNRAS.385.1576P,Tripathi 2010,http://adsabs.harvard.edu/abs/2010ApJ...715..421T,2008
WASP-31 b,151.6474674098624,10.426959169428542,10.426959169428542,10.426959169428542,17.22820338345275,0.6725388438563208,0.6725388438563208,0.6725388438563208,1.165,0.026,0.026,0.026,1.252,0.033,0.033,0.033,6302,102,102,102,0.0466223,0.000777038,0.000777038,0.000777038,3.405909,0,84.54,Anderson 2011,http://adsabs.harvard.edu/abs/2011A%26A...531A..60A,Anderson 2011,http://adsabs.harvard.edu/abs/2011A%26A...531A..60A,2011
WASP-32 b,1093.606959927689,44.29696148438285,44.29696148438285,44.29696148438285,12.32987880403255,0.44835922923754723,0.44835922923754723,0.44835922923754723,1.07,0.05,0.05,0.05,1.09,0.03,0.03,0.03,6140,90,100,95,0.0390315,0.000650524,0.000650524,0.000650524,2.718661,0,85.1,Maxted 2010,http://adsabs.harvard.edu/abs/2010PASP..122.1465M,Brown 2012,http://adsabs.harvard.edu/abs/2012ApJ...760..139B,2010
WASP-34 b,184.74933875665363,9.07356891131867,9.07356891131867,9.07356891131867,13.67495649174519,1.2329878804032548,0.8967184584750945,1.0648531694391745,1.01,0.07,0.07,0.07,0.93,0.12,0.12,0.12,5700,100,100,100,0.0520747,0.00120305,0.00120305,0.00120305,4.3176782,0.038,85.2,Smalley 2011,http://adsabs.harvard.edu/abs/2011A%26A...526A.130S,Smalley 2011,http://adsabs.harvard.edu/abs/2011A%26A...526A.130S,2011
WASP-35 b,227.7613676810284,18.668007467108566,18.668007467108566,18.668007467108566,14.795854564839058,0.3362694219281604,0.3362694219281604,0.3362694219281604,1.07,0.02,0.02,0.02,1.09,0.02,0.02,0.02,5990,80,80,80,0.0431283,0.000718806,0.000718806,0.000718806,3.161575,0,87.96,Enoch 2011,http://adsabs.harvard.edu/abs/2011AJ....142...86E,Enoch 2011,http://adsabs.harvard.edu/abs/2011AJ....142...86E,2011
WASP-36 b,716.7940509189515,28.318413528171135,28.318413528171135,28.318413528171135,14.224196547561185,0.3362694219281604,0.3362694219281604,0.3362694219281604,1.02,0.032,0.032,0.032,0.943,0.019,0.019,0.019,5881,135,138,136.5,0.0262601,0.000437668,0.000437668,0.000437668,1.5373653,0,83.65,Smith 2012,http://adsabs.harvard.edu/abs/2012AJ....143...81S,Smith 2012,http://adsabs.harvard.edu/abs/2012AJ....143...81S,2012
WASP-37 b,569.9214602792006,52.86021226272974,52.86021226272974,52.86021226272974,13.002417647888867,0.7846286511657077,0.6725388438563208,0.7285837475110142,0.925,0.12,0.12,0.12,1.003,0.053,0.053,0.053,5800,150,150,150,0.0446312,0.00193,0.00193,0.00193,3.577469,0,88.82,Simpson 2011,http://adsabs.harvard.edu/abs/2011AJ....141....8S,Simpson 2011,http://adsabs.harvard.edu/abs/2011AJ....141....8S,2011
WASP-38 b,860.936596866526,31.785474942251682,31.785474942251682,31.785474942251682,12.217788996723163,0.22417961461877361,0.22417961461877361,0.22417961461877361,1.23,0.04,0.04,0.04,1.35,0.02,0.02,0.02,6180,40,60,50,0.0758454,0.00126409,0.00126409,0.00126409,6.87188,0.028,89.5,Barros 2011,http://adsabs.harvard.edu/abs/2011A&A...525A..54B,Brown 2012,http://adsabs.harvard.edu/abs/2012ApJ...760..139B,2011
WASP-39 b,90.30282288842021,9.970765205383149,9.970765205383149,9.970765205383149,14.235405528292125,0.44835922923754723,0.44835922923754723,0.44835922923754723,0.93,0.03,0.03,0.03,0.895,0.023,0.023,0.023,5400,150,150,150,0.0485835,0.000809725,0.000809725,0.000809725,4.055259,0,87.83,Faedi 2011,http://adsabs.harvard.edu/abs/2011A%26A...531A..40F,Faedi 2011,http://adsabs.harvard.edu/abs/2011A%26A...531A..40F,2011
WASP-4 b,388.7087847745305,15.018678226373405,15.018678226373405,15.018678226373405,15.03124316018877,0.25780655681158965,0.3250604411972217,0.2914334990044057,0.91,0.05,0.05,0.05,0.914,0.02,0.022999999999999996,0.0215,5500,150,150,150,0.0230406,0.000421988,0.000421988,0.000421988,1.3382299,0,89.47,Wilson 2008,http://adsabs.harvard.edu/abs/2008ApJ...675L.113W,Triaud 2010,http://adsabs.harvard.edu/abs/2010A%26A...524A..25T,2008
WASP-41 b,296.1230851662147,18.70252235110977,18.70252235110977,18.70252235110977,13.450776877126417,0.6725388438563208,0.6725388438563208,0.6725388438563208,0.95,0.09,0.09,0.09,0.9,0.05,0.05,0.05,5450,150,150,150,0.0404959,0.00127882,0.00127882,0.00127882,3.052401,0,87.7,Maxted 2011,http://adsabs.harvard.edu/abs/2011PASP..123..547M,Maxted 2011,http://adsabs.harvard.edu/abs/2011PASP..123..547M,2011
WASP-42 b,157.8750839108165,10.813519513909812,10.813519513909812,10.813519513909812,11.915146516987818,0.5716580172778727,0.5716580172778727,0.5716580172778727,0.881,0.086,0.08100000000000002,0.0835,0.85,0.035,0.035,0.035,5200,150,150,150,0.0547344,0.00172922,0.00172922,0.00172922,4.9816877,0,88.3,Lendl 2012,http://adsabs.harvard.edu/abs/2012A%26A...544A..72L,Lendl 2012,http://adsabs.harvard.edu/abs/2012A%26A...544A..72L,2012
WASP-43 b,559.7703977101537,32.884484784573665,32.884484784573665,32.884484784573665,10.424352079772973,0.7846286511657077,1.0088082657844812,0.8967184584750945,0.58,0.05,0.05,0.05,0.598,0.034,0.041999999999999996,0.038,4400,200,200,200,0.0142363,0.00040909,0.00040909,0.00040909,0.813475,0,82.6,Hellier 2011,http://adsabs.harvard.edu/abs/2011A%26A...535L...7H,Hellier 2011,http://adsabs.harvard.edu/abs/2011A%26A...535L...7H,2011
WASP-44 b,282.122627799538,20.568900401727426,20.568900401727426,20.568900401727426,12.778238033270094,1.2329878804032548,1.2329878804032548,1.2329878804032548,0.951,0.034,0.034,0.034,0.927,0.068,0.056999999999999995,0.0625,5410,510,510,510,0.0347371,0.000578952,0.000578952,0.000578952,2.4238039,0,86.02,Anderson 2012,http://adsabs.harvard.edu/abs/2012MNRAS.422.1988A,Anderson 2012,http://adsabs.harvard.edu/abs/2012MNRAS.422.1988A,2012
WASP-45 b,318.41410665863214,16.54753503565331,16.54753503565331,16.54753503565331,13.002417647888867,3.1385146046628307,1.5692573023314147,2.353885953497123,0.909,0.06,0.06,0.06,0.945,0.087,0.07100000000000001,0.079,5140,200,200,200,0.0405459,0.0008921,0.0008921,0.0008921,3.1260876,0,84.47,Anderson 2012,http://adsabs.harvard.edu/abs/2012MNRAS.422.1988A,Anderson 2012,http://adsabs.harvard.edu/abs/2012MNRAS.422.1988A,2012
WASP-46 b,662.6317439991966,27.947076599377326,27.947076599377326,27.947076599377326,14.683764757529671,0.5716580172778727,0.5716580172778727,0.5716580172778727,0.956,0.034,0.034,0.034,0.917,0.028,0.028,0.028,5620,160,160,160,0.0244921,0.000408201,0.000408201,0.000408201,1.43037,0,82.63,Anderson 2012,http://adsabs.harvard.edu/abs/2012MNRAS.422.1988A,Anderson 2012,http://adsabs.harvard.edu/abs/2012MNRAS.422.1988A,2012
WASP-47 b,361.1509063975093,17.922473260018077,17.922473260018077,17.922473260018077,12.89032784057948,0.44835922923754723,0.22417961461877356,0.3362694219281604,1.084,0.037,0.037,0.037,1.15,0.03,0.020000000000000004,0.025,5400,100,100,100,0.0520112,0.000866853,0.000866853,0.000866853,4.1591399,0,89.2,Hellier 2012,http://adsabs.harvard.edu/abs/2012MNRAS.426..739H,Hellier 2012,http://adsabs.harvard.edu/abs/2012MNRAS.426..739H,2012
WASP-48 b,308.13941342773927,27.488181194134782,27.488181194134782,27.488181194134782,18.718997820667596,0.8967184584750945,0.8967184584750945,0.8967184584750945,1.19,0.04,0.04,0.04,1.75,0.07,0.07,0.07,5920,150,150,150,0.034488,0.000574801,0.000574801,0.000574801,2.143634,0,80.09,Enoch 2011,http://adsabs.harvard.edu/abs/2011AJ....142...86E,Enoch 2011,http://adsabs.harvard.edu/abs/2011AJ....142...86E,2011
WASP-49 b,119.73041639047906,8.345673526162498,8.345673526162498,8.345673526162498,12.498013514996629,0.526822094354118,0.526822094354118,0.526822094354118,0.938,0.08,0.076,0.078,0.976,0.034,0.034,0.034,5600,150,150,150,0.0378972,0.00105046,0.00105046,0.00105046,2.7817387,0,84.89,Lendl 2012,http://adsabs.harvard.edu/abs/2012A%26A...544A..72L,Lendl 2012,http://adsabs.harvard.edu/abs/2012A%26A...544A..72L,2012
WASP-5 b,515.0122843225871,17.506292407351612,17.506292407351612,17.506292407351612,12.778238033270094,1.120898073093868,0.4483592292375473,0.7846286511657077,1.01,0.04,0.04,0.04,1.026,0.073,0.04400000000000001,0.0585,5880,150,150,150,0.0271923,0.000453206,0.000453206,0.000453206,1.6284229,0,86.1,Anderson 2008,http://adsabs.harvard.edu/abs/2008MNRAS.387L...4A,Triaud 2010,http://adsabs.harvard.edu/abs/2010A%26A...524A..25T,2008
WASP-50 b,465.4042894446118,27.946981254393894,27.946981254393894,27.946981254393894,12.923954782772299,0.5380310750850567,0.5380310750850567,0.5380310750850567,0.892,0.08,0.074,0.077,0.843,0.031,0.031,0.031,5400,100,100,100,0.0294714,0.000848017,0.000848017,0.000848017,1.9550959,0.009,84,Gillon 2011,http://adsabs.harvard.edu/abs/2011A%26A...533A..88G,Gillon 2011,http://adsabs.harvard.edu/abs/2011A%26A...533A..88G,2011
WASP-52 b,144.81631716380434,7.061281254393894,7.061281254393894,7.061281254393894,14.235405528292125,0.3362694219281604,0.3362694219281604,0.3362694219281604,0.87,0.03,0.03,0.03,0.79,0.02,0.02,0.02,5000,100,100,100,0.0271336,0.000452227,0.000452227,0.000452227,1.7497798,0,85.35,Hebrard 2013,http://adsabs.harvard.edu/abs/2013A%26A...549A.134H,Hebrard 2013,http://adsabs.harvard.edu/abs/2013A%26A...549A.134H,2013
WASP-54 b,200.3175854675103,8.652080521241338,8.652080521241338,8.652080521241338,18.528445148241637,1.0088082657844812,0.9303454006679103,0.9695768332261958,1.213,0.032,0.032,0.032,1.828,0.091,0.08099999999999999,0.086,6100,100,100,100,0.049881,0.00083135,0.00083135,0.00083135,3.6936411,0.067,84.97,Faedi 2013,http://adsabs.harvard.edu/abs/2013A%26A...551A..73F,Faedi 2013,http://adsabs.harvard.edu/abs/2013A%26A...551A..73F,2013
WASP-55 b,181.52413578387063,12.00863709952797,12.00863709952797,12.00863709952797,14.571674950220284,0.560449036546934,0.3362694219281604,0.44835922923754723,1.01,0.04,0.04,0.04,1.06,0.03,0.020000000000000004,0.025,5900,100,100,100,0.0532575,0.000887624,0.000887624,0.000887624,4.465633,0,89.6,Hellier 2012,http://adsabs.harvard.edu/abs/2012MNRAS.426..739H,Hellier 2012,http://adsabs.harvard.edu/abs/2012MNRAS.426..739H,2012
WASP-56 b,192.3356212714673,12.86168866626494,12.86168866626494,12.86168866626494,12.240206958185041,0.39231432558285384,0.36989636412097643,0.38110534485191516,1.107,0.024,0.024,0.024,1.112,0.026,0.022000000000000002,0.024,5600,100,100,100,0.056145,0.00093575,0.00093575,0.00093575,4.617101,0,88.5,Faedi 2013,http://adsabs.harvard.edu/abs/2013A%26A...551A..73F,Faedi 2013,http://adsabs.harvard.edu/abs/2013A%26A...551A..73F,2013
WASP-57 b,214.67717560510195,16.644214848850055,16.644214848850055,16.644214848850055,10.26742634953983,0.19055267242595758,0.1569257302331415,0.17373920132954954,0.954,0.027,0.027,0.027,0.836,0.07,0.16,0.115,5600,100,100,100,0.0386362,0.000643937,0.000643937,0.000643937,2.838971,0,88,Faedi 2013,http://adsabs.harvard.edu/abs/2013A%26A...551A..73F,Faedi 2013,http://adsabs.harvard.edu/abs/2013A%26A...551A..73F,2013
WASP-58 b,283.0036154464196,22.669731766596364,22.669731766596364,22.669731766596364,15.356303601385992,2.241796146187736,2.241796146187736,2.241796146187736,0.94,0.1,0.1,0.1,1.17,0.13,0.13,0.13,5800,150,150,150,0.0562022,0.00199298,0.00199298,0.00199298,5.01718,0,87.4,Hebrard 2013,http://adsabs.harvard.edu/abs/2013A%26A...549A.134H,Hebrard 2013,http://adsabs.harvard.edu/abs/2013A%26A...549A.134H,2013
WASP-59 b,273.01273244953296,14.292943994174951,14.292943994174951,14.292943994174951,8.686960066477477,0.7622106897038303,0.7622106897038303,0.7622106897038303,0.719,0.035,0.035,0.035,0.613,0.044,0.044,0.044,4650,150,150,150,0.0696866,0.00116144,0.00116144,0.00116144,7.919585,0.1,89.27,Hebrard 2013,http://adsabs.harvard.edu/abs/2013A%26A...549A.134H,Hebrard 2013,http://adsabs.harvard.edu/abs/2013A%26A...549A.134H,2013
WASP-6 b,165.63775464497337,6.515176970975193,6.515176970975193,6.515176970975193,13.719792414668945,0.5716580172778727,0.5828669980088114,0.5772625076433421,0.93,0.02,0.02,0.02,0.87,0.025,0.036,0.0305,5450,100,100,100,0.0428704,0.000714507,0.000714507,0.000714507,3.361006,0.054,88.47,Gillon 2009,http://adsabs.harvard.edu/abs/2009A%26A...501..785G,Gillon 2009,http://adsabs.harvard.edu/abs/2009A%26A...501..785G,2009
WASP-61 b,653.0400386662649,24.979750025107965,24.979750025107965,24.979750025107965,13.899136106363963,0.3362694219281604,0.3362694219281604,0.3362694219281604,1.22,0.07,0.07,0.07,1.36,0.03,0.03,0.03,6250,150,150,150,0.0514489,0.000983996,0.000983996,0.000983996,3.8559,0,89.35,Hellier 2012,http://adsabs.harvard.edu/abs/2012MNRAS.426..739H,Hellier 2012,http://adsabs.harvard.edu/abs/2012MNRAS.426..739H,2012
WASP-62 b,178.6199275886311,13.3135603243949,13.3135603243949,13.3135603243949,15.580483216004765,0.6725388438563208,0.6725388438563208,0.6725388438563208,1.25,0.05,0.05,0.05,1.28,0.05,0.05,0.05,6230,80,80,80,0.0567187,0.000945311,0.000945311,0.000945311,4.411953,0,88.3,Hellier 2012,http://adsabs.harvard.edu/abs/2012MNRAS.426..739H,Hellier 2012,http://adsabs.harvard.edu/abs/2012MNRAS.426..739H,2012
WASP-63 b,120.07683649693683,10.066618695390178,10.066618695390178,10.066618695390178,16.02884244524231,1.120898073093868,0.6725388438563208,0.8967184584750945,1.32,0.05,0.05,0.05,1.88,0.1,0.06,0.08,5550,100,100,100,0.0574592,0.000957654,0.000957654,0.000957654,4.37808,0,87.8,Hellier 2012,http://adsabs.harvard.edu/abs/2012MNRAS.426..739H,Hellier 2012,http://adsabs.harvard.edu/abs/2012MNRAS.426..739H,2012
WASP-64 b,403.3410615647283,24.161848975595056,24.161848975595056,24.161848975595056,14.246614509023063,0.43715024850660855,0.43715024850660855,0.43715024850660855,1.004,0.028,0.028,0.028,1.058,0.025,0.025,0.025,5550,150,150,150,0.0265195,0.000441992,0.000441992,0.000441992,1.5732918,0,86.57,Gillon 2013,http://adsabs.harvard.edu/abs/2013A%26A...552A..82G,Gillon 2013,http://adsabs.harvard.edu/abs/2013A%26A...552A..82G,2013
WASP-66 b,733.37454353721,42.05317620769308,42.05317620769308,42.05317620769308,15.580483216004765,1.0088082657844812,1.0088082657844812,1.0088082657844812,1.3,0.07,0.07,0.07,1.75,0.09,0.09,0.09,6600,150,150,150,0.0546221,0.000980397,0.000980397,0.000980397,4.086052,0,85.9,Hellier 2012,http://adsabs.harvard.edu/abs/2012MNRAS.426..739H,Hellier 2012,http://adsabs.harvard.edu/abs/2012MNRAS.426..739H,2012
WASP-67 b,132.9058218338857,10.476093617555486,10.476093617555486,10.476093617555486,15.692573023314152,3.3626942192816043,2.241796146187736,2.80224518273467,0.87,0.04,0.04,0.04,0.87,0.04,0.04,0.04,5200,100,100,100,0.0517914,0.00086319,0.00086319,0.00086319,4.61442,0,85.8,Hellier 2012,http://adsabs.harvard.edu/abs/2012MNRAS.426..739H,Hellier 2012,http://adsabs.harvard.edu/abs/2012MNRAS.426..739H,2012
WASP-7 b,292.1548269559104,40.34777227076429,40.34777227076429,40.34777227076429,10.256217368808892,0.5156131136231793,0.4483592292375471,0.48198617143036326,1.2,0.03,0.03,0.03,1.236,0.059,0.046,0.0525,6400,100,100,100,0.0604573,0.00100762,0.00100762,0.00100762,4.954658,0,89.6,Hellier 2009,http://adsabs.harvard.edu/abs/2009ApJ...690L..89H,Hellier 2009,http://adsabs.harvard.edu/abs/2009ApJ...690L..89H,2009
WASP-72 b,446.6976036958923,18.862860831575773,18.862860831575773,18.862860831575773,11.321070538248067,1.3450776877126416,2.0176165315689625,1.6813471096408021,1.327,0.043,0.035,0.039,1.71,0.16,0.09,0.125,6250,100,100,100,0.036575,0.000609584,0.000609584,0.000609584,2.216726,0,86.8,Gillon 2013,http://adsabs.harvard.edu/abs/2013A%26A...552A..82G,Gillon 2013,http://adsabs.harvard.edu/abs/2013A%26A...552A..82G,2013
WASP-77 A b,37.99656497941147,6.884003148538715,6.884003148538715,6.884003148538715,13.562866684435804,0.22417961461877361,0.22417961461877361,0.22417961461877361,1.002,0.045,0.045,0.045,0.955,0.015,0.015,0.015,5500,80,80,80,0.0240406,0.000400676,0.000400676,0.000400676,1.3600309,0,89.4,Maxted 2013,http://adsabs.harvard.edu/abs/2013PASP..125...48M,Maxted 2013,http://adsabs.harvard.edu/abs/2013PASP..125...48M,2013
WASP-78 b,278.97274736366376,25.613190313347392,25.613190313347392,25.613190313347392,19.055267242595757,1.2329878804032548,1.2329878804032548,1.2329878804032548,1.33,0.09,0.09,0.09,2.2,0.12,0.12,0.12,6100,150,150,150,0.0361391,0.000815169,0.000815169,0.000815169,2.17517656,0,83.2,Smalley 2012,http://adsabs.harvard.edu/abs/2012A%26A...547A..61S,Smalley 2012,http://adsabs.harvard.edu/abs/2012A%26A...547A..61S,2012
WASP-79 b,281.1580543838505,26.571947685045693,26.571947685045693,26.571947685045693,19.055267242595757,1.2329878804032548,1.2329878804032548,1.2329878804032548,1.52,0.07,0.07,0.07,1.64,0.08,0.08,0.08,6600,100,100,100,0.0534741,0.000891236,0.000891236,0.000891236,3.6623817,0,85.4,Smalley 2012,http://adsabs.harvard.edu/abs/2012A%26A...547A..61S,Smalley 2012,http://adsabs.harvard.edu/abs/2012A%26A...547A..61S,2012
WASP-8 b,679.2630872752837,25.38318643165612,25.38318643165612,25.38318643165612,11.63492199871435,0.07846286511657076,0.526822094354118,0.30264247973534436,1.03,0.054,0.061000000000000006,0.0575,0.945,0.051,0.036,0.0435,5600,80,80,80,0.080153,0.00149152,0.00149152,0.00149152,8.158715,0.31,88.55,Queloz 2010,http://adsabs.harvard.edu/abs/2010A%26A...517L...1Q,Queloz 2010,http://adsabs.harvard.edu/abs/2010A%26A...517L...1Q,2010
WASP-80 b,175.3594469719795,11.241809179471728,11.241809179471728,11.241809179471728,10.670949655853624,0.30264247973534436,0.2914334990044057,0.297037989369875,0.58,0.05,0.05,0.05,0.571,0.016,0.016,0.016,4145,100,100,100,0.0344696,0.000990507,0.000990507,0.000990507,3.0678504,0,89.92,Triaud 2013,http://adsabs.harvard.edu/abs/2013A%26A...551A..80T,Triaud 2013,http://adsabs.harvard.edu/abs/2013A%26A...551A..80T,2013
XO-1 b,291.83987069398415,25.251260756251884,25.251260756251884,25.251260756251884,13.518030761512048,0.526822094354118,0.4707771906994245,0.4987996425267713,1.027,0.057,0.06099999999999999,0.059,0.934,0.037,0.03200000000000001,0.0345,5750,75,75,75,0.049283,0.000943751,0.000943751,0.000943751,3.941534,0,88.81,McCullough 2006,http://adsabs.harvard.edu/abs/2006ApJ...648.1228M,McCullough 2006,http://adsabs.harvard.edu/abs/2006ApJ...648.1228M,2006
XO-2 b,180.02245229486792,17.97456340263131,17.97456340263131,17.97456340263131,11.018428058512722,0.3250604411972217,0.31385146046628304,0.3194559508317524,0.974,0.032,0.034,0.033,0.971,0.027,0.026,0.0265,5340,80,80,80,0.0368367,0.000613945,0.000613945,0.000613945,2.615838,0,88.9,Burke 2007,http://adsabs.harvard.edu/abs/2007ApJ...671.2115B,Burke 2007,http://adsabs.harvard.edu/abs/2007ApJ...671.2115B,2007
XO-3 b,4149.0005172240635,141.15697669980918,141.15697669980918,141.15697669980918,13.641329549552374,0.8182555933585236,0.8182555933585236,0.8182555933585236,1.41,0.004,0.004,0.004,2.07898,0.0670011,0.0670011,0.0670011,6429,50,50,50,0.0477112,0.000795188,0.000795188,0.000795188,3.1915426,0.2884,79.32,Johns-Krull 2008,http://adsabs.harvard.edu/abs/2008ApJ...677..657J,Winn 2009,http://adsabs.harvard.edu/abs/2009ApJ...700..302W,2008
XO-4 b,509.20259666566227,25.273062975795924,25.273062975795924,25.273062975795924,14.907944372148444,0.560449036546934,0.560449036546934,0.560449036546934,1.32,,,,,,,,,,,,0.05524,0.000920667,0.000920667,0.000920667,4.1250828,0,88.8,McCullough 2008,http://adsabs.harvard.edu/abs/2008arXiv0805.2921M,Narita 2010,http://adsabs.harvard.edu/abs/2010PASJ...62L..61N,2008
XO-5 b,365.749712764889,28.015947459074017,28.015947459074017,28.015947459074017,11.54525015286684,0.6725388438563208,0.560449036546934,0.6164939402016274,1,0.03,0.03,0.03,1.05,0.05,0.039999999999999994,0.045,5510,44,44,44,0.0508651,0.000847751,0.000847751,0.000847751,4.1877537,0,86.9,Burke 2008,http://adsabs.harvard.edu/abs/2008ApJ...686.1331B,Burke 2008,http://adsabs.harvard.edu/abs/2008ApJ...686.1331B,2008