name,a,age,alower,aupper,b,dec,density,densitylower,densityupper,ecc,fe,feh,felower,feupper,firstref,firsturl,k,kid,koi_star,logg,m,mass,masslower,massupper,mstar,mstarlower,mstarupper,mupper,orbref,orburl,per,r,ra,rho,rhostar,rlower,rprs,rstar,rstarlower,rstarupper,rupper,shk,source,teff,tefflower,teffupper,tt,ua,ub,udensity,ufe,ufeh,uk,ulogg,um,umass,umstar,ur,urho,urhostar,urstar,uteff,vmag,vsini,flux,uflux
55 Cnc e,0.0154393,,0.00025732099999999997,0.00025732099999999997,,,4.173,0.602,0.602,0.0,0.314513,,0.03,0.03,McArthur 2004,http://adsabs.harvard.edu/abs/2004ApJ...614L..81M,,,,4.45,8.379902375213417,8.379902375213417,0.3924145264637943,0.3924145264637943,0.905,0.015,0.015,,Endl 2012,http://adsabs.harvard.edu/abs/2012ApJ...759...19E,0.736546,2.173,,4.173,,0.1599992327495649,,0.943,0.01,0.01,0.1599992327495649,0.165,,5196.0,24.0,24.0,,0.00025732099999999997,,0.602,0.03,,,,0.3924145264637943,0.3924145264637943,0.015,0.098,0.602,,0.01,24.0,,2.46053,2439.6897016894127,106.40729724045089
CoRoT-7 b,0.017189700000000002,,0.000286495,0.000286495,,,6.23249,1.5298100000000001,1.5298100000000001,0.0,0.05,,0.04,0.04,Queloz 2009 ; Leger 2009,http://adsabs.harvard.edu/abs/2009A%26A...506..303Q ; http://adsabs.harvard.edu/abs/2009A%26A...506..287L,,,,4.5,5.0214706789193535,5.0214706789193535,0.8638859350205884,0.8638859350205884,0.93,0.03,0.03,,Queloz 2009,http://adsabs.harvard.edu/abs/2009A%26A...506..303Q,0.853585,1.679105313494614,,6.23249,,0.09000811526943761,,0.87,0.04,0.04,0.09000811526943761,,,5275.0,75.0,75.0,,0.000286495,,1.5298100000000001,0.04,,,,0.8638859350205884,0.8638859350205884,0.03,0.09000811526943761,1.5298100000000001,,0.04,75.0,,3.5,1779.4329019225788,201.32836137905926
GJ 1214 b,0.0143253,,0.000577878,0.000577878,,,1.87,0.4,0.4,0.0,0.13,,,,Charbonneau 2009,http://adsabs.harvard.edu/abs/2009Natur.462..891C,,,,5.01,6.26,6.467790514211107,0.9958910645776842,0.9958910645776842,0.157,0.019,0.019,,Anglada-Escude 2013,http://adsabs.harvard.edu/abs/2011ApJ...730...82C,1.58040482,2.8,,1.87,16.736,0.1299120866715793,,0.213,0.0097,0.0097,0.1299120866715793,,,3252.0,130.0,130.0,,0.000577878,,0.4,0.05,,,,0.19,0.9958910645776842,0.019,0.24,0.4,,0.01,20.0,,2.0,22.184199037774583,2.800039973070045
HD 97658 b,0.07963730000000001,,0.00132732,0.00132732,,,3.44,0.82,0.91,0.064,-0.3,,0.08,0.08,Howard 2011,http://adsabs.harvard.edu/abs/2011ApJ...730...10H,,,,4.618,7.862465150145625,7.862465150145625,0.7300247564527468,0.7300247564527468,0.748,0.032,0.034,,Dragomir 2013,http://adsabs.harvard.edu/abs/2013arXiv1305.7260D,9.4909,2.3399980263714903,,3.44,3.04,0.1498898530283313,,0.703,0.034,0.039,0.18010926507894198,0.183,,5119.0,80.0,80.0,,0.00132732,,0.865,0.08,,,,0.7300247564527468,0.7300247564527468,0.033,0.16499955905363667,0.865,,0.0365,80.0,,0.5,48.00737539790915,6.03478255960941
Kepler-10 b,0.0167573,,0.000374465,0.000374465,,,8.8,2.9,2.1,0.0,-0.15,,0.04,0.04,Batalha 2011,http://adsabs.harvard.edu/abs/2011ApJ...729...27B,,,,4.341,4.539183971075625,4.539183971075625,1.2484821728432258,1.2484821728432258,0.895,0.06,0.06,,Batalha 2011,http://adsabs.harvard.edu/abs/2011ApJ...729...27B,0.8374950000000001,1.4159969087972906,,8.8,,0.035999883413555755,,1.056,0.021,0.021,0.03299991181072733,,,5627.0,44.0,44.0,,0.000374465,,2.5,0.04,,,,1.2484821728432258,1.2484821728432258,0.06,0.03449989761214154,2.5,,0.021,44.0,,0.5,3572.047764088561,241.14924521671827
Kepler-11 b,0.0914497,,0.00152417,0.00152417,,,1.72,0.91,1.25,0.045,0.0182,,0.0017,0.0015,Lissauer 2011,http://adsabs.harvard.edu/abs/2011Natur.470...53L,,,,4.3660000000000005,1.8999204157878875,1.8999204157878875,0.99994640453952,1.3999503916842422,0.961,0.025,0.025,,Lissauer 2013,http://adsabs.harvard.edu/abs/2013ApJ...770..131L,10.3039,1.7979205092425643,,1.72,1.122,0.050440413289224065,,1.065,0.022000000000000002,0.017,0.030264247973534438,,,5663.0,66.0,55.0,,0.00152417,,1.08,0.0016,,,,1.1999483981118808,1.1999483981118808,0.025,0.04035233063137925,1.08,,0.0195,60.5,,0.4,125.1442044450873,8.185504301231497
Kepler-11 c,0.10690899999999999,,0.00178182,0.00178182,,,0.66,0.35,0.66,0.0256125,0.0182,,0.0017,0.0015,Lissauer 2011,http://adsabs.harvard.edu/abs/2011Natur.470...53L,,,,4.3660000000000005,2.8998763548257505,2.8998763548257505,1.599936494426032,2.8998763548257505,0.961,0.025,0.025,,Lissauer 2013,http://adsabs.harvard.edu/abs/2013ApJ...770..131L,13.0241,2.8674366146658086,,0.66,1.122,0.05994641357771124,,1.065,0.022000000000000002,0.017,0.049955400692996345,,,5663.0,66.0,55.0,,0.00178182,,0.505,0.0016,,,,2.2499064246258915,2.2499064246258915,0.025,0.0549509071353538,0.505,,0.0195,60.5,,0.4,91.56864283996157,5.989369008325868
Kepler-11 d,0.154764,,0.0025794,0.0025794,,,1.28,0.27,0.14,0.0036054999999999998,0.0182,,0.0017,0.0015,Lissauer 2011,http://adsabs.harvard.edu/abs/2011Natur.470...53L,,,,4.3660000000000005,7.2997072762880375,7.2997072762880375,1.4999386758059654,0.7999666581299588,0.961,0.025,0.025,,Lissauer 2013,http://adsabs.harvard.edu/abs/2013ApJ...770..131L,22.6845,3.117217541274047,,1.28,1.122,0.06993742646242612,,1.065,0.022000000000000002,0.017,0.05994641357771122,,,5663.0,66.0,55.0,,0.0025794,,0.205,0.0016,,,,1.1499526669679625,1.1499526669679625,0.025,0.06494192002006867,0.205,,0.0195,60.5,,0.4,43.69536990672379,2.8580478978215362
Kepler-11 f,0.250413,,0.00417356,0.00417356,,,0.69,0.29,0.32,0.013000000000000001,0.0,,0.1,0.1,Lissauer 2011,http://adsabs.harvard.edu/abs/2011Natur.470...53L,,,,4.3660000000000005,2.2979126237822642,2.2979126237822642,1.2003456688761671,2.199656440192829,0.961,0.025,0.025,,Lissauer 2013,http://adsabs.harvard.edu/abs/2013ApJ...770..131L,46.6888,2.4871383164265217,,0.69,1.122,0.0699193800034493,,1.065,0.022000000000000002,0.017,0.03995396345620169,,,5663.0,60.0,55.0,,0.00417356,,0.305,0.1,,,,1.700001054534498,1.700001054534498,0.025,0.0549366717298255,0.305,,0.0195,57.5,,0.4,16.690201104719186,1.068910512713123
Kepler-18 b,0.0447299,,0.000745498,0.000745498,,,4.9,2.4,2.4,0.0,0.2,,0.04,0.04,Borucki 2011,http://adsabs.harvard.edu/abs/2011ApJ...736...19B,,,,4.41,6.991965451441196,6.991965451441196,3.495982725720598,3.495982725720598,0.972,0.042,0.042,,Cochran 2011,http://adsabs.harvard.edu/abs/2011ApJS..197....7C,3.504725,2.0000184318213887,,4.9,1.01,0.09998410811997303,,1.1079999999999999,0.051,0.051,0.09998410811997303,,,5383.0,44.0,44.0,,0.000745498,,2.4,0.04,,,,3.495982725720598,3.495982725720598,0.042,0.09998410811997303,2.4,,0.051,44.0,,0.4,462.2437369588861,47.7136279658241
Kepler-20 b,0.0453704,,0.000756174,0.000756174,,,6.5,2.7,2.0,0.0,0.02,,0.04,0.04,Borucki 2011,http://adsabs.harvard.edu/abs/2011ApJ...736...19B,,,,4.4,8.474452817113589,8.474452817113589,2.1221060088380037,2.1221060088380037,0.912,0.034,0.034,,Gautier 2012,http://adsabs.harvard.edu/abs/2012ApJ...749...15G,3.6961218999999996,1.9082953425001177,,6.5,1.51,0.2098130640159295,,0.9440000000000001,0.095,0.06,0.11989237879619324,,,5466.0,93.0,93.0,,0.000756174,,2.35,0.04,,,,2.1221060088380037,2.1221060088380037,0.034,0.16485272140606136,2.35,,0.0775,93.0,,,346.71060965950994,62.69890107487526
Kepler-20 c,0.0930411,,0.00155068,0.00155068,,,2.91,1.08,0.85,0.0,0.02,,0.04,0.04,Borucki 2011,http://adsabs.harvard.edu/abs/2011ApJ...736...19B,,,,4.4,15.733765602088985,15.733765602088985,3.3142234056442703,3.3142234056442703,0.912,0.034,0.034,,Gautier 2012,http://adsabs.harvard.edu/abs/2012ApJ...749...15G,10.854092,3.0672591141562533,,2.91,1.51,0.3097231928630784,,0.9440000000000001,0.095,0.06,0.1998213785923708,,,5466.0,93.0,93.0,,0.00155068,,0.965,0.04,,,,3.3142234056442703,3.3142234056442703,0.034,0.2547722857277245,0.965,,0.0775,93.0,,,82.44468734941518,14.909236784576787
Kepler-20 d,0.34532399999999996,,0.0057554,0.0057554,,,2.035,0.0,4.07,0.0,0.02,,0.04,0.04,Borucki 2011,http://adsabs.harvard.edu/abs/2011ApJ...736...19B,,,,4.4,7.52796316661645,7.52796316661645,7.218473350406747,7.218473350406747,0.912,0.034,0.034,,Gautier 2012,http://adsabs.harvard.edu/abs/2012ApJ...749...15G,77.61184,2.7475453567676893,,2.035,1.51,0.2997315074395196,,0.9440000000000001,0.095,0.06,0.16984856411784074,,,5466.0,93.0,93.0,,0.0057554,,2.035,0.04,,,,7.218473350406747,7.218473350406747,0.034,0.23479003577868016,2.035,,0.0775,93.0,,,5.984926514288709,1.0823098392864097
Kepler-30 b,0.185524,,0.00499738,0.00499738,,,1.02,0.13,0.13,0.042,0.18,,0.27,0.27,Borucki 2011,http://adsabs.harvard.edu/abs/2011ApJ...736...19B,,,,4.77,11.30060525258612,11.30060525258612,1.4000743401626996,1.4000743401626996,0.99,0.08,0.08,,Sanchis-Ojeda 2012,http://adsabs.harvard.edu/abs/2012Natur.487..449S,29.334,3.896521926592559,,1.02,2.0,0.1998213785923708,,0.95,0.12,0.12,0.1998213785923708,,,5498.0,54.0,54.0,,0.00499738,,0.13,0.27,,,,1.4000743401626996,1.4000743401626996,0.08,0.1998213785923708,0.13,,0.12,54.0,,1.94,21.49590845318025,5.616502819221962
Kepler-36 b,0.115423,,0.00192372,0.00192372,,,7.46,0.5900000000000001,0.74,0.0,,,,,Borucki 2011,http://adsabs.harvard.edu/abs/2011ApJ...736...19B,,,,,4.461477809581199,4.461477809581199,0.2706952137189917,0.3308502706638546,1.071,0.043,0.043,,Carter 2012,http://adsabs.harvard.edu/abs/2012Sci...337..556C,13.839889999999999,1.4846743337357518,,7.46,0.3508,0.03496876927611671,,1.626,0.019,0.019,0.03496876927611671,,,5911.0,66.0,66.0,,0.00192372,,0.665,,,,,0.30077274219142314,0.30077274219142314,0.043,0.03496876927611671,0.665,,0.019,66.0,,,217.36521938529697,13.1358050475231
Kepler-36 c,0.128401,,0.00214002,0.00214002,,,0.89,0.04999999999999999,0.07,0.0,,,,,Carter 2012,http://adsabs.harvard.edu/abs/2012Sci...337..556C,,,,,8.100827608717486,8.100827608717486,0.4611836848448328,0.6015442131164004,1.071,0.043,0.043,,Carter 2012,http://adsabs.harvard.edu/abs/2012Sci...337..556C,16.23855,3.675716215173797,,0.89,0.3508,0.053951738592997914,,1.626,0.019,0.019,0.053951738592997914,,,5911.0,66.0,66.0,,0.00214002,,0.06,,,,,0.5313639489806166,0.5313639489806166,0.043,0.053951738592997914,0.06,,0.019,66.0,,,175.6458761239005,10.614623028232543
Kepler-68 b,0.061775,,0.00102958,0.00102958,,,3.32,0.98,0.86,0.0,0.12,,0.07400000000000001,0.07400000000000001,Borucki 2011,http://adsabs.harvard.edu/abs/2011ApJ...736...19B,,,,4.281000000000001,8.321392337049312,8.321392337049312,2.4061832087978305,2.205666352314954,1.079,0.051,0.051,,Gilliland 2013,http://adsabs.harvard.edu/abs/2013ApJ...766...40G,5.398763,2.307940341481005,,3.32,0.7903,0.0899196764114705,,1.2429999999999999,0.019,0.019,0.05994641357771122,,,5793.0,74.0,74.0,,0.00102958,,0.92,0.07400000000000001,,,,2.305924780556392,2.305924780556392,0.051,0.07493304499459087,0.92,,0.019,74.0,,0.5,409.0917422437698,27.915884259805498
Kepler-68 c,0.09070189999999999,,0.0015117000000000002,0.0015117000000000002,,,28.0,23.0,13.0,0.0,0.12,,0.07400000000000001,0.07400000000000001,Batalha 2013,http://adsabs.harvard.edu/abs/2013ApJS..204...24B,,,,4.281000000000001,4.812379130260117,4.812379130260117,3.60995176257909,2.5057615094908106,1.079,0.051,0.051,,Gilliland 2013,http://adsabs.harvard.edu/abs/2013ApJ...766...40G,9.605085,0.9521491099857324,,28.0,0.7903,0.04196238862357129,,1.2429999999999999,0.019,0.019,0.036966994271021146,,,5793.0,74.0,74.0,,0.0015117000000000002,,18.0,0.07400000000000001,,,,3.05785663603495,3.05785663603495,0.051,0.03946469144729622,18.0,,0.019,74.0,,0.5,189.76383647910262,12.949248872161402
41.01 ,0.10996315084,6.46,,,0.05,41:59:24 ,,,,,0.02,0.02,,,Borucki 2011,,0.18,6521045.0,41,4.125,0.85,,,,1.08,,,7.05,Marcy 2013,,12.8159,2.2,19:25:32.6 ,0.35,0.44,,0.01355,1.49,,,,,AS   ,5825.0,,,55.94713,,0.04,,0.1,0.1,0.8,0.03,4.0,,0.06,0.05,1.65,0.01,0.04,75.0,11.2,3.7,189.64952298578467,
41.02 ,0.07268362729298844,6.46,,,0.54,41:59:24 ,,,,,0.02,0.02,,,Borucki 2011,,1.9,6521045.0,41,4.125,7.34,,,,1.08,,,10.0,Marcy 2013,,6.88705,1.32,19:25:32.6 ,14.25,0.44,,0.008094,1.49,,,,,AS   ,5825.0,,,66.17797,,0.02,,0.1,0.1,0.8,0.03,3.2,,0.06,0.04,6.33,0.01,0.04,75.0,11.2,3.7,434.08314214147623,
41.03 ,0.21620659164231334,6.46,,,0.75,41:59:24 ,,,,,0.02,0.02,,,Borucki 2011,,-0.79,6521045.0,41,4.125,-4.36,,,,1.08,,,3.0,Marcy 2013,,35.3331,1.61,19:25:32.6 ,-5.72,0.44,,0.009926,1.49,,,,,AS   ,5825.0,,,86.98031,,0.01,,0.1,0.1,1.0,0.03,4.1,,0.06,0.05,6.0,0.01,0.04,75.0,11.2,3.7,49.05781991693048,
69.01 ,0.05341478160912771,5.05,,,0.2,38:40:20 ,,,,,-0.18,-0.18,,,Borucki 2011,,1.05,3544595.0,69,4.468,2.59,,,,0.91,,,6.1,Marcy 2013,,4.72674,1.5,19:25:40.3 ,4.17,1.64,,0.014927000000000001,0.92,,,,,AS   ,5669.0,,,67.9258,,0.02,,0.1,0.1,0.8,0.03,2.0,,0.06,0.03,3.29,0.01,0.02,75.0,9.93,0.5,274.8959987125353,
82.01 ,0.11605782616924006,1.41,,,0.3,47:12:28 ,,,,,0.08,0.08,,,Borucki 2011,,2.77,10187017.0,82,4.607,8.93,,,,0.8,,,11.7,Marcy 2013,,16.1457,2.22,18:45:55.8 ,4.68,2.76,,0.027638999999999997,0.74,,,,,SME   ,4903.0,,,67.75384,,0.03,,0.04,0.04,0.6,0.03,2.0,,0.02,0.07,1.12,0.09,0.02,44.0,11.49,0.5,21.079096836502817,
82.02 ,0.08607096898652293,1.41,,,0.22,47:12:28 ,,,,,0.08,0.08,,,Borucki 2011,,1.37,10187017.0,82,4.607,3.8,,,,0.8,,,6.6,Marcy 2013,,10.3117,1.18,18:45:55.8 ,13.27,2.76,,0.014681999999999999,0.74,,,,,SME   ,4903.0,,,67.0792,,0.05,,0.04,0.04,0.6,0.03,1.8,,0.02,0.04,6.46,0.09,0.02,44.0,11.49,0.5,38.32546897438211,
82.03 ,0.16533674386423405,1.41,,,0.57,47:12:28 ,,,,,0.08,0.08,,,Borucki 2011,,2.11,10187017.0,82,4.607,0.62,,,,0.8,,,5.2,Marcy 2013,,27.4536,0.88,18:45:55.8 ,4.92,2.76,,0.010962999999999999,0.74,,,,,SME   ,4903.0,,,78.02565,,0.03,,0.04,0.04,0.8,0.03,3.3,,0.02,0.03,24.5,0.09,0.02,44.0,11.49,0.5,10.386329629495439,
82.04 ,0.06693309915000585,1.41,,,0.06,47:12:28 ,,,,,0.08,0.08,,,Borucki 2011,,-1.0,10187017.0,82,4.607,-1.58,,,,0.8,,,3.0,Marcy 2013,,7.07142,0.58,18:45:55.8 ,-44.24,2.76,,0.007228,0.74,,,,,SME   ,4903.0,,,72.98486,,0.05,,0.04,0.04,0.6,0.03,2.0,,0.02,0.02,56.7,0.09,0.02,44.0,11.49,0.5,63.37514907138216,
82.05 ,0.05513666947142116,1.41,,,0.06,47:12:28 ,,,,,0.08,0.08,,,Borucki 2011,,0.19,10187017.0,82,4.607,0.41,,,,0.8,,,4.3,Marcy 2013,,5.28696,0.47,18:45:55.8 ,23.29,2.76,,0.0058,0.74,,,,,SME   ,4903.0,,,68.8492,,0.06,,0.04,0.04,0.7,0.03,1.6,,0.02,0.02,94.93,0.09,0.02,44.0,11.49,0.5,93.39417806925134,
104.01 ,0.033676488797237905,1.41,,,0.85,47:29:49 ,,,,,0.34,0.34,,,Borucki 2011,,6.11,10318874.0,104,4.59,10.84,,,,0.81,,,16.5,Marcy 2013,,2.50806,3.51,18:44:46.7 ,1.45,2.9,,0.04238,0.76,,,,,SME   ,4781.0,,,67.9998,,0.01,,0.04,0.04,0.8,0.04,1.4,,0.03,0.15,0.26,0.23,0.03,78.0,12.9,0.5,238.74726237629213,
108.01 ,0.12770323102671344,5.7,,,0.72,40:03:52 ,,,,,0.07,0.07,,,Borucki 2011,,3.38,4914423.0,108,4.162,14.11,,,,1.09,,,27.0,Marcy 2013,,15.9654,3.37,19:15:56.2 ,2.02,0.52,,0.0215,1.44,,,,,AS   ,5845.0,,,75.17614,,0.01,,0.11,0.11,0.9,0.04,4.7,,0.07,0.09,0.59,0.02,0.04,88.0,12.29,2.5,133.15243874036963,
116.01 ,0.1113465632702121,4.83,,,0.69,44:20:15 ,,,,,-0.12,-0.12,,,Borucki 2011,,2.71,8395660.0,116,4.407,10.44,,,,1.0,,,18.8,Marcy 2013,,13.5708,2.5,20:03:27.3 ,3.28,1.38,,0.022113,1.04,,,,,SME   ,5858.0,,,69.27837,,0.03,,0.1,0.1,0.8,0.14,3.2,,0.06,0.32,1.56,0.15,0.17,98.0,12.88,0.3,92.17228710500332,
116.02 ,0.24334173382977348,4.83,,,0.28,44:20:15 ,,,,,-0.12,-0.12,,,Borucki 2011,,1.95,8395660.0,116,4.407,11.17,,,,1.0,,,24.8,Marcy 2013,,43.8445,2.56,20:03:27.3 ,3.1,1.38,,0.022675999999999998,1.04,,,,,SME   ,5858.0,,,84.9336,,0.13,,0.1,0.1,1.0,0.14,5.8,,0.06,0.33,2.07,0.15,0.17,98.0,12.88,0.3,19.298377688434538,
116.03 ,0.06579940946360517,4.83,,,0.39,44:20:15 ,,,,,-0.12,-0.12,,,Borucki 2011,,0.05,8395660.0,116,4.407,0.15,,,,1.0,,,5.3,Marcy 2013,,6.16486,0.82,20:03:27.3 ,1.26,1.38,,0.007258,1.04,,,,,SME   ,5858.0,,,68.64035,,0.15,,0.1,0.1,0.9,0.14,2.8,,0.06,0.11,26.26,0.15,0.17,98.0,12.88,0.3,263.9429133806898,
116.04 ,0.1627452733808798,4.83,,,0.45,44:20:15 ,,,,,-0.12,-0.12,,,Borucki 2011,,-2.84,8395660.0,116,4.407,-6.39,,,,1.0,,,8.1,Marcy 2013,,23.9802,0.95,20:03:27.3 ,-41.0,1.38,,0.008362,1.04,,,,,SME   ,5858.0,,,80.53263000000001,,0.11,,0.1,0.1,0.9,0.14,7.0,,0.06,0.13,39.75,0.15,0.17,98.0,12.88,0.3,43.14567120490233,
122.01 ,0.10243789745445986,5.63,,,0.74,44:23:52 ,,,,,0.3,0.3,,,Borucki 2011,,3.36,8349582.0,122,4.171,13.0,,,,1.08,,,16.7,Marcy 2013,,11.5231,3.42,18:57:55.7 ,1.71,0.54,,0.022165999999999998,1.41,,,,,AS   ,5699.0,,,64.96840999999999,,0.01,,0.1,0.1,0.6,0.04,2.9,,0.08,0.09,0.37,0.02,0.04,74.0,12.35,0.7,179.30871211803534,
123.01 ,0.06892981623355739,5.73,,,0.58,40:17:05 ,,,,,-0.08,-0.08,,,Borucki 2011,,0.29,5094751.0,123,4.211,1.3,,,,1.04,,,7.3,Marcy 2013,,6.48163,2.37,19:21:34.2 ,0.3,0.65,,0.016434,1.32,,,,,AS   ,5952.0,,,55.97755,,0.02,,0.1,0.1,1.8,0.04,5.4,,0.06,0.07,2.2,0.02,0.04,75.0,12.36,1.0,412.92878773109936,
123.02 ,0.15199106334121018,5.73,,,0.16,40:17:05 ,,,,,-0.08,-0.08,,,Borucki 2011,,0.43,5094751.0,123,4.211,2.22,,,,1.04,,,21.8,Marcy 2013,,21.2227,2.52,19:21:34.2 ,0.65,0.65,,0.017432,1.32,,,,,AS   ,5952.0,,,70.5725,,0.08,,0.1,0.1,1.5,0.04,7.8,,0.06,0.07,2.3,0.02,0.04,75.0,12.36,1.0,84.9284691247162,
148.01 ,0.053202434362486034,3.14,,,0.17,40:56:56 ,,,,,0.17,0.17,,,Borucki 2011,,1.62,5735762.0,148,4.487,3.94,,,,0.88,,,13.0,Marcy 2013,,4.778,1.88,19:56:33.4 ,3.23,1.98,,0.019318000000000002,0.89,,,,,SME   ,5194.0,,,57.061130000000006,,0.11,,0.04,0.04,0.9,0.05,2.1,,0.02,0.1,1.84,0.13,0.05,43.0,13.04,0.5,182.7320116370045,
148.02 ,0.08514712069115622,3.14,,,0.38,40:56:56 ,,,,,0.17,0.17,,,Borucki 2011,,4.74,5735762.0,148,4.487,14.61,,,,0.88,,,22.7,Marcy 2013,,9.67395,2.71,19:56:33.4 ,4.01,1.98,,0.027892,0.89,,,,,SME   ,5194.0,,,58.33925,,0.05,,0.04,0.04,0.7,0.05,2.3,,0.02,0.14,0.91,0.13,0.05,43.0,13.04,0.5,71.34075665971254,
148.03 ,0.2298154808721955,3.14,,,0.2,40:56:56 ,,,,,0.17,0.17,,,Borucki 2011,,1.57,5735762.0,148,4.487,7.93,,,,0.88,,,25.0,Marcy 2013,,42.8961,2.04,19:56:33.4 ,5.08,1.98,,0.021021,0.89,,,,,SME   ,5194.0,,,79.06554,,0.11,,0.04,0.04,0.9,0.05,4.6,,0.02,0.11,3.12,0.13,0.05,43.0,13.04,0.5,9.793075071164077,
153.01 ,0.07650703277138589,6.89,,,0.56,50:56:39 ,,,,,0.05,0.05,,,Borucki 2011,,-2.72,12252424.0,153,4.636,-4.6,,,,0.75,,,3.7,Marcy 2013,,8.92507,2.19,19:11:59.4 ,-2.44,2.71,,0.029135,0.69,,,,,SME   ,4725.0,,,72.71374,,0.02,,0.04,0.04,1.5,0.03,6.2,,0.02,0.06,2.7,0.08,0.02,44.0,13.46,0.4,36.374125874851245,
153.02 ,0.05027279790490507,6.89,,,0.08,50:56:39 ,,,,,0.05,0.05,,,Borucki 2011,,2.36,12252424.0,153,4.636,7.1,,,,0.75,,,17.0,Marcy 2013,,4.754,1.82,19:11:59.4 ,6.6,2.71,,0.02419,0.69,,,,,SME   ,4725.0,,,61.5463,,0.06,,0.04,0.04,1.5,0.03,3.3,,0.02,0.05,3.0,0.08,0.02,44.0,13.46,0.4,84.24209722787195,
244.02 ,0.07028170526156256,11.0,,,0.54,39:29:16 ,,,,,-0.04,-0.04,,,Borucki 2011,,2.8,4349452.0,244,4.2780000000000005,9.6,,,,1.19,,,16.0,Marcy 2013,,6.2385,2.71,19:06:33.2 ,2.5,0.75,,0.01895,1.31,,,,,AS   ,6270.0,,,104.70541,,0.01,,0.1,0.1,1.2,0.03,4.2,,0.06,0.05,1.1,0.01,0.02,79.0,10.73,9.5,481.74589637542556,
245.01 ,0.21175571804311144,5.66,,,0.53,44:31:05 ,,,,,-0.32,-0.32,,,Borucki 2011,,0.4,8478994.0,245,4.567,1.87,,,,0.8,,,12.2,Marcy 2013,,39.7922,1.94,18:56:14.2 ,1.3,2.46,,0.023068,0.77,,,,,AS   ,5417.0,,,108.2495,,0.01,,0.07,0.07,1.2,0.05,9.08,,0.07,0.06,3.67,0.04,0.03,75.0,9.7,0.5,10.214952460793748,
245.02 ,0.13961007685117796,5.66,,,0.43,44:31:05 ,,,,,-0.32,-0.32,,,Borucki 2011,,0.92,8478994.0,245,4.567,3.35,,,,0.8,,,12.0,Marcy 2013,,21.302,0.75,18:56:14.2 ,44.33,2.46,,0.008909,0.77,,,,,AS   ,5417.0,,,124.83685,,0.02,,0.07,0.07,1.1,0.05,4.0,,0.07,0.03,53.6,0.04,0.03,75.0,9.7,0.5,23.500283978783294,
245.03 ,0.10233007861526047,5.66,,,0.48,44:31:05 ,,,,,-0.32,-0.32,,,Borucki 2011,,0.95,8478994.0,245,4.567,2.78,,,,0.8,,,10.0,Marcy 2013,,13.3675,0.32,18:56:14.2 ,548.8,2.46,,0.0038280000000000002,0.77,,,,,AS   ,5417.0,,,117.04171000000001,,0.13,,0.07,0.07,1.1,0.05,3.7,,0.07,0.02,700.0,0.04,0.03,75.0,9.7,0.5,43.74214008750416,
246.01 ,0.06179356435983603,9.36,,,0.48,49:02:24 ,,,,,0.12,0.12,,,Borucki 2011,,2.07,11295426.0,246,4.282,5.97,,,,1.08,,,9.3,Marcy 2013,,5.39875,2.33,19:24:07.7 ,2.6,0.79,,0.017383000000000003,1.24,,,,,AS   ,5793.0,,,106.85783,,0.01,,0.04,0.04,0.59,0.02,1.7,,0.05,0.02,0.74,0.01,0.02,100.0,10.0,0.5,406.8748452164217,
246.02 ,0.09072922906125087,9.36,,,0.77,49:02:24 ,,,,,0.12,0.12,,,Borucki 2011,,0.57,11295426.0,246,4.282,2.18,,,,1.08,,,7.2,Marcy 2013,,9.605039999999999,1.0,19:24:07.7 ,10.77,0.79,,0.007455,1.24,,,,,AS   ,5793.0,,,69.38025,,0.01,,0.04,0.04,0.9,0.02,3.5,,0.05,0.02,17.29,0.01,0.02,100.0,10.0,0.5,188.73519450047283,
261.01 ,0.12549809207316673,2.34,,,0.54,40:31:30 ,,,,,0.04,0.04,,,Borucki 2011,,2.1,5383248.0,261,4.421,8.46,,,,1.0,,,12.0,Marcy 2013,,16.2385,2.67,19:48:16.7 ,2.26,1.54,,0.023967,1.02,,,,,SME   ,5690.0,,,104.01897,,0.07,,0.04,0.04,0.8,0.08,3.4,,0.02,0.22,1.11,0.25,0.09,43.0,10.3,0.5,62.12480125079867,
283.01 ,0.12556827364007309,3.66,,,0.79,40:56:32 ,,,,,0.12,0.12,,,Borucki 2011,,3.95,5695396.0,283,4.417,16.13,,,,1.02,,,19.4,Marcy 2013,,16.092,2.41,19:14:07.4 ,6.0,1.44,,0.021263,1.03,,,,,SME   ,5685.0,,,103.59795,,0.02,,0.04,0.04,0.8,0.08,3.5,,0.02,0.2,1.98,0.21,0.1,44.0,11.52,0.4,63.05598708557554,
283.02 ,0.1707491361845384,3.66,,,0.27,40:56:32 ,,,,,0.12,0.12,,,Borucki 2011,,3.58,5695396.0,283,4.417,8.25,,,,1.02,,,20.0,Marcy 2013,,25.5169,0.84,19:14:07.4 ,77.7,1.44,,0.0073939999999999995,1.03,,,,,SME   ,5685.0,,,87.42342,,0.16,,0.04,0.04,0.9,0.08,5.9,,0.02,0.07,55.0,0.21,0.1,44.0,11.52,0.4,34.10115941331846,
292.01 ,0.036124883979450115,8.42,,,0.41,48:40:24 ,,,,,-0.2,-0.2,,,Borucki 2011,,1.65,11075737.0,292,4.43,3.51,,,,0.94,,,9.1,Marcy 2013,,2.58664,1.48,19:09:18.3 ,5.44,1.53,,0.013803,0.98,,,,,SME   ,5779.0,,,104.84121,,0.16,,0.04,0.04,0.9,0.08,1.9,,0.03,0.13,3.48,0.31,0.09,44.0,12.87,0.5,736.4442188815252,
299.01 ,0.02603041392043728,2.79,,,0.56,37:57:52 ,,,,,0.18,0.18,,,Borucki 2011,,1.82,2692377.0,299,4.341,3.55,,,,0.99,,,6.4,Marcy 2013,,1.54168,1.99,19:02:38.8 ,2.18,1.12,,0.016377000000000003,1.11,,,,,SME   ,5539.0,,,103.54328000000001,,0.14,,0.04,0.04,0.8,0.1,1.6,,0.02,0.22,1.21,0.34,0.12,43.0,12.9,0.5,1535.674313192468,
305.01 ,0.05006635915032185,1.47,,,0.21,41:18:00 ,,,,,0.18,0.18,,,Borucki 2011,,2.91,6063220.0,305,4.605,6.15,,,,0.79,,,9.7,Marcy 2013,,4.60358,1.48,19:49:24.9 ,10.9,2.86,,0.018475,0.73,,,,,SME   ,4782.0,,,104.83893,,0.13,,0.04,0.04,0.6,0.05,1.3,,0.03,0.08,2.82,0.23,0.04,115.0,12.97,0.5,99.74286448654951,
321.01 ,0.036143448066135966,5.84,,,0.1,44:58:05 ,,,,,0.18,0.18,,,Borucki 2011,,2.89,8753657.0,321,4.409,6.35,,,,1.07,,,8.1,Marcy 2013,,2.4262900000000003,1.43,19:27:23.5 ,11.82,1.12,,0.012284999999999999,1.07,,,,,AS   ,5538.0,,,103.4568,,0.06,,0.04,0.04,0.6,0.02,1.4,,0.04,0.03,2.7,0.02,0.02,44.0,12.52,0.4,739.6223864250197,
321.02 ,0.055552517571314707,5.84,,,0.36,44:58:05 ,,,,,0.18,0.18,,,Borucki 2011,,1.0,8753657.0,321,4.409,2.71,,,,1.07,,,6.0,Marcy 2013,,4.62332,0.85,19:27:23.5 ,24.39,1.12,,0.007261,1.07,,,,,AS   ,5538.0,,,65.37438,,0.06,,0.04,0.04,0.6,0.02,1.8,,0.04,0.03,16.13,0.02,0.02,44.0,12.52,0.4,313.08461015113,
1442.01 ,0.014974697546351353,7.47,,,0.25,49:36:52 ,,,,,0.04,0.04,,,Borucki 2011,,0.05,11600889.0,1442,4.426,0.06,,,,1.0,,,3.2,Marcy 2013,,0.6693100000000001,1.07,19:04:08.7 ,0.29,1.38,,0.010414,1.01,,,,,SME   ,5476.0,,,67.13162,,0.15,,0.0,0.0,0.9,0.06,1.2,,0.02,0.02,5.7,0.16,0.07,46.0,12.52,2.0,3670.03525797981,
1612.01 ,0.03664050074406888,6.68,,,0.92,48:25:23 ,,,,,-0.2,-0.2,,,Borucki 2011,,0.2,10963065.0,1612,4.294,0.48,,,,1.08,,,5.0,Marcy 2013,,2.46502,0.82,18:59:08.6 ,4.42,0.82,,0.006136,1.23,,,,,AS   ,6104.0,,,65.67928,,0.01,,0.1,0.1,1.3,0.03,3.2,,0.07,0.03,29.82,0.01,0.03,74.0,8.77,3.1,1403.574185450342,
1925.01 ,0.3200815024119994,6.8,,,0.9,46:51:09 ,,,,,0.08,0.08,,,Borucki 2011,,0.45,9955598.0,1925,4.499,2.69,,,,0.92,,,22.0,Marcy 2013,,68.9584,1.19,19:34:43.0 ,8.88,1.81,,0.012223000000000001,0.89,,,,,AS   ,5460.0,,,112.08151000000001,,0.01,,0.1,0.1,1.0,0.03,6.2,,0.06,0.03,20.6,0.0,0.02,75.0,9.44,2.0,6.164804097187266,
Kepler-78 b,0.010320922459893045,,,,,,,,,,,,,,Sanchis-Ojeda 2013,,,,,,1.69,,,,0.81,,,,Sanchis-Ojeda (2013),,0.3541666666666667,1.2,,5.3,,,,0.74,,,,,,5089.0,,,,0.0025802306149732613,,,,,,,0.41,,0.05,0.09,1.8,,0.09,50.0,,,3093.4710952796154,1724.3480748665788
